Tribal_Penitent_Pigskin,4,Town_Guard_Yttakin,2,1
Town_Guard_Sanguophage,2,Tribal_Penitent_XylTrog,6,-1
Mercenary_Slasher_Baseliner,13,Scavenger_Genie,38,-1
Grenadier_Destructive_Hussar,5,Tribal_Penitent_Dirtmole,13,-1
Tribal_Berserker_XylTrog,2,Grenadier_Destructive_Highmate,3,1
Tribal_Berserker_Yttakin,1,Scavenger_XylNixie,2,-1
Grenadier_Destructive_Baseliner,20,Tribal_Penitent_Neanderthal,21,-1
Tribal_Berserker_XylWarcat,3,Tribal_Berserker_Baseliner,6,-1
Tribal_Berserker_Dirtmole,1,Tribal_Archer_Baseliner,3,1
Tribal_Penitent_XylTitan,12,Tribal_Berserker_XylTitan,7,-1
Tribal_Berserker_Hussar,4,Villager_XylWarcat,4,1
Mercenary_Gunner_Baseliner,2,Tribal_Berserker_XylBossaps,2,-1
Tribal_Penitent_Starjack,25,Tribal_Berserker_Neanderthal,10,-1
Tribal_Penitent_XylChyrr,26,Villager_Yttakin,28,-1
Scavenger_Waster,4,Tribal_Berserker_XylWarcat,1,1
Tribal_Berserker_XylTrog,6,Town_Guard_XylTitan,4,1
Villager_Neanderthal,2,Mercenary_Gunner_Genie,2,1
Scavenger_XylTrog,13,Grenadier_Destructive_Baseliner,11,-1
Town_Guard_Highmate,5,Mercenary_Gunner_Pigskin,3,-1
Scavenger_XylChyrr,27,Villager_XylChyrr,30,1
Mercenary_Sniper_Starjack,2,Town_Guard_Impid,3,1
Scavenger_Sanguophage,2,Tribal_Penitent_Pigskin,6,-1
Mercenary_Gunner_Starjack,16,Mercenary_Slasher_Starjack,9,1
Town_Guard_Yttakin,3,Tribal_Archer_Sanguophage,2,1
Tribal_Archer_Baseliner,33,Tribal_Berserker_XylNixie,23,1
Grenadier_Destructive_Highmate,2,Tribal_Penitent_Starjack,3,-1
Villager_XylTitan,3,Town_Guard_XylWarcat,2,1
Mercenary_Sniper_Sanguophage,2,Scavenger_Impid,8,-1
Grenadier_Destructive_Starjack,2,Villager_Hussar,2,1
Town_Guard_XylBossaps,2,Grenadier_Destructive_XylTitan,1,1
Mercenary_Slasher_XylDvergr,5,Tribal_Penitent_XylNixie,17,-1
Grenadier_Destructive_Neanderthal,3,Mercenary_Slasher_XylTrog,3,1
Villager_Starjack,5,Mercenary_Slasher_Yttakin,2,-1
Mercenary_Slasher_Yttakin,2,Tribal_Penitent_Highmate,9,-1
Scavenger_XylBossaps,2,Mercenary_Slasher_Highmate,1,1
Mercenary_Slasher_Dirtmole,1,Mercenary_Sniper_Dirtmole,2,-1
Tribal_Archer_Pigskin,12,Tribal_Berserker_Yttakin,6,1
Mercenary_Slasher_Yttakin,6,Tribal_Berserker_Genie,17,-1
Scavenger_Highmate,3,Tribal_Berserker_Baseliner,1,1
Mercenary_Slasher_XylChyrr,2,Grenadier_Destructive_XylNixie,9,-1
Mercenary_Gunner_XylWarcat,8,Tribal_Penitent_Neanderthal,17,-1
Tribal_Penitent_XylTrog,13,Mercenary_Slasher_Waster,4,1
Mercenary_Sniper_Waster,4,Villager_XylWarcat,6,-1
Tribal_Archer_XylDvergr,2,Scavenger_Waster,2,1
Tribal_Penitent_Yttakin,5,Mercenary_Sniper_Baseliner,3,1
Grenadier_Destructive_Neanderthal,7,Scavenger_Dirtmole,17,-1
Mercenary_Slasher_Highmate,14,Tribal_Archer_XylWarcat,19,-1
Mercenary_Sniper_Pigskin,1,Mercenary_Sniper_Impid,1,-1
Mercenary_Sniper_XylNixie,25,Mercenary_Slasher_XylNixie,19,-1
Tribal_Berserker_Baseliner,12,Villager_Highmate,23,-1
Tribal_Berserker_Pigskin,1,Scavenger_Genie,1,1
Town_Guard_XylWarcat,21,Mercenary_Sniper_Genie,21,1
Tribal_Penitent_Waster,26,Mercenary_Gunner_XylChyrr,8,1
Tribal_Penitent_Neanderthal,4,Mercenary_Sniper_Hussar,2,1
Mercenary_Gunner_Neanderthal,2,Mercenary_Sniper_XylTitan,1,1
Tribal_Archer_Impid,17,Tribal_Penitent_XylDvergr,23,-1
Mercenary_Slasher_Starjack,3,Town_Guard_Genie,6,-1
Tribal_Berserker_XylTitan,8,Mercenary_Sniper_Starjack,10,-1
Grenadier_Destructive_Waster,2,Villager_XylBossaps,2,1
Town_Guard_XylTitan,10,Tribal_Berserker_XylDvergr,18,-1
Mercenary_Gunner_Genie,29,Villager_XylTitan,27,-1
Scavenger_Dirtmole,5,Scavenger_XylTitan,2,1
Tribal_Berserker_Genie,1,Tribal_Archer_Starjack,1,1
Mercenary_Sniper_Dirtmole,2,Scavenger_Impid,5,-1
Grenadier_Destructive_XylChyrr,7,Grenadier_Destructive_Highmate,13,-1
Villager_Waster,40,Tribal_Berserker_XylWarcat,16,1
Villager_Dirtmole,4,Grenadier_Destructive_Starjack,2,1
Tribal_Archer_Genie,9,Mercenary_Gunner_XylChyrr,3,-1
Mercenary_Sniper_Impid,3,Mercenary_Sniper_Yttakin,2,-1
Scavenger_Waster,3,Grenadier_Destructive_Hussar,1,1
Villager_Dirtmole,19,Scavenger_Genie,18,1
Scavenger_XylBossaps,3,Mercenary_Sniper_Baseliner,2,1
Mercenary_Gunner_Sanguophage,4,Mercenary_Gunner_XylBossaps,6,-1
Tribal_Penitent_XylWarcat,4,Tribal_Berserker_XylDvergr,4,1
Town_Guard_XylWarcat,24,Scavenger_XylWarcat,29,-1
Tribal_Archer_Genie,18,Mercenary_Sniper_Hussar,4,-1
Villager_Baseliner,13,Tribal_Berserker_XylNixie,10,1
Mercenary_Slasher_Yttakin,11,Tribal_Berserker_XylDvergr,29,-1
Town_Guard_Impid,1,Tribal_Archer_Dirtmole,2,-1
Town_Guard_XylBossaps,14,Tribal_Berserker_XylChyrr,13,1
Tribal_Archer_Yttakin,13,Mercenary_Slasher_XylNixie,5,1
Grenadier_Destructive_XylWarcat,6,Grenadier_Destructive_Waster,10,-1
Mercenary_Sniper_XylTrog,1,Mercenary_Gunner_XylTrog,2,-1
Tribal_Archer_Genie,16,Mercenary_Gunner_Impid,7,-1
Scavenger_XylNixie,20,Mercenary_Gunner_Impid,10,-1
Scavenger_XylTitan,4,Town_Guard_Sanguophage,3,1
Villager_XylWarcat,9,Mercenary_Slasher_Genie,5,1
Mercenary_Sniper_Neanderthal,7,Villager_XylWarcat,14,-1
Town_Guard_Pigskin,25,Grenadier_Destructive_Impid,18,1
Tribal_Berserker_Sanguophage,8,Mercenary_Slasher_XylTrog,8,1
Villager_Dirtmole,23,Tribal_Archer_Impid,20,1
Mercenary_Sniper_Hussar,12,Scavenger_Yttakin,29,-1
Tribal_Penitent_Neanderthal,6,Mercenary_Sniper_Yttakin,3,1
Tribal_Penitent_Starjack,13,Mercenary_Slasher_XylDvergr,4,1
Mercenary_Sniper_Starjack,9,Tribal_Berserker_Sanguophage,6,1
Tribal_Penitent_XylBossaps,11,Tribal_Archer_Genie,16,1
Mercenary_Gunner_XylTrog,12,Villager_Genie,26,1
Tribal_Archer_Impid,3,Tribal_Archer_Genie,3,-1
Tribal_Penitent_XylTitan,4,Tribal_Berserker_XylBossaps,2,1
Scavenger_XylWarcat,8,Town_Guard_Pigskin,13,-1
Villager_XylChyrr,13,Grenadier_Destructive_Impid,12,-1
Tribal_Berserker_XylTitan,5,Tribal_Archer_XylNixie,15,-1
Mercenary_Slasher_XylBossaps,11,Town_Guard_XylNixie,38,-1
Mercenary_Slasher_XylTrog,4,Tribal_Penitent_Dirtmole,14,-1
Town_Guard_Starjack,8,Mercenary_Slasher_Yttakin,3,1
Tribal_Berserker_Genie,18,Town_Guard_XylTrog,16,-1
Tribal_Penitent_XylBossaps,24,Mercenary_Slasher_XylDvergr,11,1
Grenadier_Destructive_Highmate,2,Tribal_Archer_XylDvergr,3,-1
Tribal_Berserker_Neanderthal,2,Tribal_Archer_XylBossaps,3,1
Mercenary_Slasher_Hussar,2,Mercenary_Gunner_XylDvergr,4,-1
Scavenger_XylDvergr,37,Mercenary_Sniper_XylDvergr,17,1
Tribal_Berserker_Impid,7,Mercenary_Slasher_Sanguophage,2,1
Scavenger_Sanguophage,7,Town_Guard_XylNixie,16,-1
Tribal_Archer_Waster,7,Town_Guard_Genie,5,1
Grenadier_Destructive_Genie,6,Mercenary_Slasher_XylTitan,1,1
Mercenary_Sniper_Dirtmole,6,Mercenary_Slasher_Waster,4,1
Mercenary_Gunner_XylChyrr,7,Mercenary_Sniper_Genie,9,1
Scavenger_Impid,2,Grenadier_Destructive_Hussar,1,1
Town_Guard_XylBossaps,6,Scavenger_Waster,12,-1
Scavenger_XylBossaps,18,Tribal_Penitent_XylTitan,19,1
Grenadier_Destructive_XylWarcat,2,Tribal_Berserker_Waster,4,-1
Mercenary_Slasher_Pigskin,2,Mercenary_Sniper_XylBossaps,1,1
Town_Guard_Hussar,3,Tribal_Penitent_XylChyrr,5,1
Mercenary_Slasher_XylWarcat,3,Scavenger_Waster,17,-1
Grenadier_Destructive_XylWarcat,2,Tribal_Archer_XylWarcat,3,-1
Mercenary_Sniper_Baseliner,1,Scavenger_XylTitan,2,1
Tribal_Penitent_Hussar,13,Mercenary_Slasher_XylNixie,5,1
Villager_XylChyrr,11,Grenadier_Destructive_Waster,11,-1
Mercenary_Sniper_Genie,2,Tribal_Berserker_Hussar,2,-1
Tribal_Penitent_Starjack,11,Mercenary_Slasher_Starjack,3,1
Grenadier_Destructive_Impid,23,Mercenary_Slasher_Sanguophage,5,1
Town_Guard_Baseliner,10,Grenadier_Destructive_Starjack,9,1
Scavenger_XylDvergr,29,Villager_Impid,27,1
Mercenary_Sniper_Hussar,24,Mercenary_Slasher_Impid,24,1
Mercenary_Slasher_XylTitan,4,Grenadier_Destructive_Highmate,18,-1
Tribal_Penitent_XylChyrr,14,Scavenger_Genie,18,-1
Town_Guard_XylTrog,3,Mercenary_Sniper_XylDvergr,2,-1
Villager_Starjack,27,Scavenger_Impid,20,1
Scavenger_XylChyrr,5,Town_Guard_Waster,7,-1
Mercenary_Slasher_XylDvergr,2,Grenadier_Destructive_Hussar,2,-1
Mercenary_Sniper_Sanguophage,2,Tribal_Berserker_XylTrog,4,-1
Grenadier_Destructive_Yttakin,17,Town_Guard_Impid,21,-1
Villager_Hussar,14,Tribal_Penitent_Genie,22,1
Tribal_Berserker_Baseliner,1,Town_Guard_Neanderthal,1,1
Villager_Highmate,10,Tribal_Berserker_Genie,6,1
Mercenary_Slasher_XylDvergr,11,Tribal_Berserker_Impid,20,-1
Tribal_Berserker_XylTitan,7,Villager_XylBossaps,14,-1
Town_Guard_Hussar,10,Mercenary_Sniper_Pigskin,7,1
Villager_Sanguophage,15,Mercenary_Slasher_Genie,12,1
Scavenger_XylNixie,26,Mercenary_Slasher_Waster,10,1
Tribal_Berserker_XylTrog,3,Scavenger_Impid,3,1
Tribal_Penitent_XylChyrr,10,Scavenger_Highmate,15,-1
Mercenary_Sniper_Baseliner,5,Tribal_Penitent_XylTrog,11,-1
Mercenary_Gunner_Dirtmole,5,Grenadier_Destructive_XylDvergr,5,-1
Town_Guard_Starjack,16,Tribal_Penitent_Neanderthal,15,-1
Town_Guard_Baseliner,9,Villager_Dirtmole,12,-1
Villager_Sanguophage,1,Tribal_Berserker_Sanguophage,1,1
Tribal_Penitent_XylNixie,13,Tribal_Berserker_XylDvergr,8,-1
Grenadier_Destructive_XylWarcat,16,Mercenary_Gunner_XylWarcat,13,-1
Mercenary_Gunner_Impid,7,Villager_XylTitan,8,-1
Scavenger_Neanderthal,15,Tribal_Berserker_Waster,19,-1
Town_Guard_Dirtmole,4,Tribal_Penitent_XylChyrr,5,1
Grenadier_Destructive_XylNixie,20,Town_Guard_XylBossaps,15,-1
Tribal_Berserker_Genie,16,Town_Guard_XylTrog,15,-1
Mercenary_Sniper_Impid,3,Grenadier_Destructive_Baseliner,4,-1
Mercenary_Slasher_Dirtmole,10,Tribal_Berserker_Sanguophage,8,-1
Grenadier_Destructive_Dirtmole,22,Grenadier_Destructive_Sanguophage,10,1
Scavenger_Baseliner,2,Town_Guard_XylDvergr,2,-1
Tribal_Archer_Genie,9,Tribal_Penitent_Waster,9,-1
Tribal_Penitent_XylTrog,16,Town_Guard_Genie,13,1
Town_Guard_Waster,3,Grenadier_Destructive_Impid,2,1
Mercenary_Slasher_Starjack,5,Scavenger_XylWarcat,8,-1
Tribal_Penitent_Hussar,3,Tribal_Penitent_Pigskin,3,-1
Grenadier_Destructive_Dirtmole,15,Tribal_Berserker_XylTitan,8,1
Villager_XylTrog,32,Mercenary_Slasher_Sanguophage,5,1
Villager_Impid,2,Scavenger_XylDvergr,1,1
Grenadier_Destructive_Highmate,5,Mercenary_Gunner_Genie,3,1
Mercenary_Gunner_Waster,10,Scavenger_Sanguophage,6,1
Villager_Starjack,17,Tribal_Penitent_XylWarcat,12,-1
Villager_Dirtmole,18,Tribal_Penitent_Starjack,20,1
Mercenary_Gunner_XylWarcat,7,Mercenary_Slasher_Sanguophage,4,1
Villager_Hussar,7,Scavenger_Waster,9,1
Grenadier_Destructive_Sanguophage,12,Mercenary_Sniper_XylWarcat,10,1
Tribal_Archer_Impid,29,Mercenary_Slasher_Sanguophage,5,1
Tribal_Berserker_XylChyrr,1,Tribal_Berserker_XylBossaps,1,-1
Villager_Pigskin,1,Town_Guard_Genie,2,-1
Mercenary_Gunner_Genie,19,Scavenger_XylWarcat,18,-1
Villager_XylBossaps,18,Tribal_Penitent_XylWarcat,19,-1
Tribal_Penitent_XylTitan,15,Grenadier_Destructive_Highmate,22,1
Tribal_Berserker_Hussar,11,Tribal_Penitent_XylNixie,26,1
Tribal_Archer_Genie,21,Villager_XylTrog,17,-1
Grenadier_Destructive_Sanguophage,5,Town_Guard_Yttakin,12,-1
Scavenger_Impid,10,Villager_Genie,14,1
Tribal_Penitent_XylBossaps,2,Tribal_Penitent_Waster,4,1
Mercenary_Sniper_Dirtmole,18,Mercenary_Gunner_XylChyrr,15,-1
Scavenger_Sanguophage,10,Tribal_Berserker_XylTrog,16,-1
Scavenger_Highmate,13,Scavenger_Sanguophage,4,1
Tribal_Berserker_XylWarcat,11,Mercenary_Slasher_XylTitan,4,1
Mercenary_Slasher_XylNixie,10,Tribal_Berserker_XylNixie,23,-1
Grenadier_Destructive_Yttakin,1,Grenadier_Destructive_XylNixie,1,0
Town_Guard_XylDvergr,9,Grenadier_Destructive_Pigskin,7,-1
Tribal_Berserker_XylDvergr,7,Scavenger_XylDvergr,10,-1
Scavenger_Starjack,1,Tribal_Berserker_Waster,1,-1
Tribal_Penitent_Neanderthal,22,Mercenary_Slasher_Highmate,14,1
Mercenary_Sniper_Waster,16,Mercenary_Gunner_XylNixie,22,-1
Tribal_Penitent_XylWarcat,26,Mercenary_Slasher_Waster,13,1
Scavenger_Highmate,2,Villager_Waster,2,-1
Mercenary_Gunner_XylDvergr,4,Tribal_Penitent_Yttakin,5,-1
Tribal_Berserker_Genie,3,Town_Guard_Neanderthal,3,-1
Tribal_Berserker_Genie,3,Villager_Baseliner,4,-1
Mercenary_Slasher_Neanderthal,3,Villager_Starjack,16,-1
Tribal_Berserker_Pigskin,10,Grenadier_Destructive_XylTitan,4,1
Mercenary_Sniper_Neanderthal,4,Villager_XylTrog,12,-1
Grenadier_Destructive_XylDvergr,13,Mercenary_Sniper_Impid,8,1
Tribal_Berserker_XylDvergr,6,Mercenary_Gunner_XylBossaps,4,-1
Tribal_Penitent_Neanderthal,1,Tribal_Penitent_Genie,2,-1
Mercenary_Slasher_Sanguophage,1,Mercenary_Slasher_Waster,4,-1
Tribal_Penitent_XylNixie,25,Tribal_Berserker_XylTrog,13,-1
Town_Guard_Dirtmole,19,Grenadier_Destructive_XylDvergr,15,1
Town_Guard_Starjack,7,Grenadier_Destructive_Impid,5,1
Mercenary_Gunner_Waster,8,Tribal_Archer_Hussar,10,-1
Tribal_Berserker_Pigskin,15,Scavenger_XylTrog,17,-1
Mercenary_Slasher_Waster,2,Mercenary_Gunner_Dirtmole,2,-1
Grenadier_Destructive_XylChyrr,5,Villager_Yttakin,11,-1
Villager_Highmate,24,Mercenary_Sniper_XylTrog,6,1
Grenadier_Destructive_XylDvergr,9,Scavenger_Neanderthal,9,-1
Villager_Highmate,6,Mercenary_Sniper_Baseliner,2,1
Mercenary_Slasher_XylNixie,5,Town_Guard_Neanderthal,8,-1
Villager_XylTrog,24,Mercenary_Slasher_Starjack,9,1
Tribal_Penitent_Hussar,17,Tribal_Archer_XylBossaps,15,1
Mercenary_Gunner_Pigskin,17,Mercenary_Sniper_Hussar,10,1
Mercenary_Sniper_XylTrog,8,Mercenary_Sniper_Genie,9,1
Mercenary_Slasher_XylTitan,15,Mercenary_Sniper_Neanderthal,23,-1
Tribal_Berserker_Yttakin,4,Mercenary_Gunner_Starjack,4,1
Mercenary_Sniper_Yttakin,2,Town_Guard_Neanderthal,2,-1
Grenadier_Destructive_XylDvergr,19,Scavenger_XylChyrr,17,1
Mercenary_Slasher_XylNixie,1,Town_Guard_XylWarcat,2,-1
Grenadier_Destructive_XylWarcat,16,Mercenary_Gunner_XylBossaps,16,-1
Scavenger_Sanguophage,14,Mercenary_Sniper_XylTrog,13,-1
Tribal_Penitent_XylDvergr,2,Grenadier_Destructive_Dirtmole,1,1
Tribal_Penitent_XylTrog,21,Tribal_Archer_Yttakin,17,1
Grenadier_Destructive_Impid,8,Town_Guard_Highmate,15,-1
Scavenger_Genie,1,Grenadier_Destructive_Pigskin,1,-1
Scavenger_XylDvergr,16,Scavenger_Dirtmole,16,-1
Villager_Pigskin,7,Tribal_Penitent_XylDvergr,7,-1
Mercenary_Gunner_Sanguophage,8,Villager_Hussar,27,-1
Mercenary_Slasher_Highmate,13,Mercenary_Sniper_Dirtmole,13,-1
Tribal_Archer_Pigskin,19,Tribal_Berserker_XylBossaps,8,-1
Town_Guard_XylTrog,8,Mercenary_Sniper_XylTrog,4,1
Town_Guard_Pigskin,7,Tribal_Penitent_XylDvergr,11,1
Mercenary_Gunner_Starjack,4,Villager_Genie,8,-1
Tribal_Archer_Dirtmole,18,Mercenary_Sniper_XylDvergr,8,-1
Tribal_Penitent_XylDvergr,3,Mercenary_Sniper_Baseliner,1,1
Scavenger_Impid,6,Tribal_Archer_Genie,8,1
Mercenary_Gunner_Dirtmole,6,Tribal_Archer_XylDvergr,10,1
Tribal_Berserker_XylTitan,10,Scavenger_XylBossaps,17,-1
Villager_XylDvergr,21,Tribal_Penitent_XylWarcat,14,-1
Tribal_Berserker_Pigskin,16,Grenadier_Destructive_Baseliner,14,1
Grenadier_Destructive_Hussar,14,Tribal_Archer_Hussar,24,-1
Grenadier_Destructive_XylChyrr,18,Tribal_Berserker_XylBossaps,19,-1
Scavenger_Impid,4,Tribal_Archer_Yttakin,4,-1
Tribal_Berserker_XylWarcat,5,Mercenary_Sniper_Dirtmole,6,1
Grenadier_Destructive_Impid,15,Mercenary_Slasher_Baseliner,9,-1
Mercenary_Gunner_XylDvergr,8,Town_Guard_Genie,10,1
Town_Guard_Baseliner,20,Town_Guard_Sanguophage,7,1
Mercenary_Slasher_Starjack,5,Tribal_Berserker_Sanguophage,5,-1
Mercenary_Slasher_XylChyrr,7,Mercenary_Gunner_Sanguophage,7,-1
Scavenger_XylNixie,22,Mercenary_Gunner_Dirtmole,12,1
Grenadier_Destructive_Neanderthal,17,Mercenary_Slasher_XylTitan,7,1
Tribal_Penitent_XylDvergr,28,Grenadier_Destructive_Sanguophage,7,1
Tribal_Berserker_Genie,1,Tribal_Berserker_Starjack,1,-1
Mercenary_Sniper_Genie,7,Scavenger_Dirtmole,16,-1
Tribal_Penitent_XylTrog,3,Mercenary_Gunner_XylDvergr,2,1
Tribal_Archer_XylChyrr,3,Villager_Yttakin,4,-1
Scavenger_Dirtmole,5,Tribal_Berserker_Pigskin,3,1
Tribal_Berserker_Sanguophage,2,Mercenary_Sniper_XylDvergr,2,1
Grenadier_Destructive_XylChyrr,10,Tribal_Berserker_XylWarcat,9,-1
Tribal_Penitent_XylBossaps,7,Tribal_Penitent_Impid,10,1
Mercenary_Sniper_XylChyrr,1,Scavenger_Dirtmole,1,1
Grenadier_Destructive_Baseliner,4,Tribal_Archer_Hussar,5,1
Tribal_Berserker_XylChyrr,15,Grenadier_Destructive_XylNixie,22,-1
Tribal_Berserker_Neanderthal,3,Town_Guard_Yttakin,5,1
Scavenger_Yttakin,6,Villager_Pigskin,10,-1
Scavenger_Impid,6,Grenadier_Destructive_Impid,4,1
Mercenary_Slasher_Neanderthal,1,Tribal_Archer_XylChyrr,3,1
Tribal_Archer_XylBossaps,1,Tribal_Penitent_Starjack,2,1
Mercenary_Gunner_Waster,6,Grenadier_Destructive_Dirtmole,8,1
Mercenary_Gunner_Yttakin,2,Mercenary_Sniper_Hussar,2,-1
Mercenary_Sniper_Hussar,5,Mercenary_Slasher_Pigskin,6,-1
Mercenary_Sniper_Sanguophage,1,Tribal_Penitent_XylTrog,6,-1
Scavenger_Genie,4,Villager_XylChyrr,3,-1
Mercenary_Gunner_Starjack,6,Tribal_Penitent_Highmate,17,-1
Scavenger_Dirtmole,6,Villager_Genie,6,1
Tribal_Penitent_XylDvergr,15,Mercenary_Sniper_Starjack,6,1
Villager_Neanderthal,13,Mercenary_Sniper_Waster,9,1
Tribal_Berserker_Waster,1,Villager_Genie,2,1
Town_Guard_XylChyrr,1,Tribal_Penitent_Starjack,3,-1
Town_Guard_Yttakin,22,Town_Guard_XylBossaps,17,1
Scavenger_XylTrog,20,Villager_XylTitan,13,1
Villager_Starjack,1,Scavenger_Hussar,2,-1
Tribal_Berserker_Dirtmole,1,Tribal_Penitent_XylNixie,2,-1
Mercenary_Gunner_Waster,10,Town_Guard_XylBossaps,9,1
Mercenary_Sniper_Neanderthal,5,Tribal_Berserker_Sanguophage,6,-1
Mercenary_Gunner_XylChyrr,5,Villager_Highmate,16,-1
Tribal_Penitent_Genie,3,Tribal_Archer_XylChyrr,2,1
Tribal_Berserker_Genie,3,Villager_Yttakin,3,-1
Tribal_Penitent_Waster,10,Tribal_Archer_Pigskin,9,-1
Mercenary_Gunner_Pigskin,1,Tribal_Archer_Genie,1,1
Tribal_Archer_XylDvergr,10,Mercenary_Slasher_XylBossaps,2,1
Tribal_Archer_XylChyrr,1,Mercenary_Sniper_Dirtmole,2,-1
Scavenger_Dirtmole,3,Mercenary_Gunner_XylDvergr,1,-1
Scavenger_Yttakin,5,Mercenary_Slasher_Starjack,1,1
Mercenary_Slasher_Waster,11,Grenadier_Destructive_Yttakin,17,-1
Tribal_Berserker_Hussar,6,Town_Guard_Sanguophage,3,1
Grenadier_Destructive_Genie,1,Tribal_Archer_Sanguophage,1,-1
Grenadier_Destructive_Sanguophage,1,Mercenary_Sniper_Waster,2,1
Mercenary_Sniper_XylTrog,7,Tribal_Archer_Waster,17,1
Grenadier_Destructive_XylTitan,12,Mercenary_Gunner_Hussar,13,-1
Grenadier_Destructive_XylWarcat,1,Villager_Impid,2,-1
Tribal_Penitent_Highmate,14,Mercenary_Sniper_XylBossaps,3,1
Mercenary_Gunner_Starjack,1,Scavenger_Impid,2,-1
Mercenary_Gunner_Impid,13,Town_Guard_Impid,18,1
Mercenary_Sniper_Yttakin,2,Tribal_Penitent_Neanderthal,4,-1
Scavenger_Dirtmole,1,Grenadier_Destructive_XylBossaps,1,-1
Mercenary_Slasher_Pigskin,15,Mercenary_Gunner_XylBossaps,15,-1
Tribal_Penitent_Neanderthal,2,Town_Guard_Pigskin,2,1
Tribal_Penitent_XylNixie,1,Villager_Hussar,1,-1
Mercenary_Gunner_Impid,12,Town_Guard_Baseliner,19,1
Villager_XylDvergr,2,Mercenary_Sniper_XylTitan,1,-1
Tribal_Archer_XylDvergr,17,Mercenary_Sniper_XylChyrr,5,1
Town_Guard_XylNixie,3,Town_Guard_Starjack,4,-1
Tribal_Berserker_XylBossaps,5,Villager_Dirtmole,11,-1
Town_Guard_Neanderthal,4,Tribal_Archer_Starjack,9,-1
Villager_Neanderthal,9,Scavenger_XylChyrr,8,1
Town_Guard_XylDvergr,3,Town_Guard_Waster,3,-1
Tribal_Archer_Genie,12,Villager_XylTitan,5,1
Tribal_Berserker_Sanguophage,8,Villager_Hussar,19,-1
Tribal_Penitent_XylBossaps,7,Scavenger_Baseliner,9,1
Mercenary_Gunner_XylBossaps,1,Mercenary_Slasher_Highmate,2,1
Mercenary_Slasher_XylDvergr,1,Tribal_Penitent_XylBossaps,2,-1
Mercenary_Sniper_Pigskin,1,Villager_Waster,3,-1
Villager_XylNixie,2,Tribal_Archer_XylChyrr,1,1
Tribal_Berserker_Genie,4,Villager_XylTrog,5,-1
Scavenger_XylChyrr,1,Tribal_Penitent_Impid,2,-1
Villager_Baseliner,3,Villager_Sanguophage,1,1
Villager_Pigskin,2,Grenadier_Destructive_Highmate,1,1
Tribal_Penitent_XylTrog,14,Mercenary_Gunner_XylTitan,6,1
Tribal_Penitent_Hussar,4,Town_Guard_Impid,3,1
Tribal_Penitent_Baseliner,25,Mercenary_Sniper_XylSuccuboid,9,1
Tribal_Penitent_Yttakin,6,Tribal_Penitent_Yttakin,5,1
Mercenary_Sniper_XylSuccuboid,2,Tribal_Penitent_Pigskin,5,-1
Grenadier_Destructive_Genie,6,Tribal_Archer_XylGaunt,10,-1
Tribal_Archer_XylChyrr,2,Tribal_Archer_Pigskin,1,1
Villager_Highmate,16,Tribal_Penitent_Pigskin,13,-1
Town_Guard_Genie,3,Town_Guard_XylBossaps,4,-1
Tribal_Penitent_Hussar,1,Mercenary_Gunner_Waster,2,-1
Tribal_Penitent_Impid,8,Scavenger_Pigskin,9,-1
Tribal_Archer_Dirtmole,5,Mercenary_Slasher_Highmate,3,1
Tribal_Berserker_Pigskin,11,Town_Guard_Genie,10,1
Grenadier_Destructive_Dirtmole,1,Scavenger_XylWarcat,2,1
Tribal_Berserker_Dirtmole,5,Mercenary_Gunner_XylSuccuboid,4,1
Mercenary_Gunner_Yttakin,6,Tribal_Archer_Impid,11,1
Grenadier_Destructive_Neanderthal,7,Grenadier_Destructive_XylTitan,11,-1
Mercenary_Sniper_Waster,7,Villager_Yttakin,13,-1
Tribal_Penitent_XylBossaps,5,Scavenger_Waster,4,1
Tribal_Penitent_Dirtmole,7,Tribal_Archer_Dirtmole,6,1
Mercenary_Slasher_Dirtmole,1,Grenadier_Destructive_XylTitan,1,-1
Grenadier_Destructive_Genie,18,Mercenary_Slasher_Baseliner,10,-1
Mercenary_Sniper_Pigskin,2,Town_Guard_XylNixie,4,-1
Mercenary_Gunner_Waster,1,Tribal_Penitent_Pigskin,2,-1
Grenadier_Destructive_Dirtmole,4,Tribal_Berserker_XylBossaps,5,-1
Mercenary_Gunner_Baseliner,2,Grenadier_Destructive_XylBossaps,2,1
Mercenary_Sniper_XylSuccuboid,3,Mercenary_Sniper_XylTitan,2,-1
Mercenary_Gunner_XylTrog,5,Mercenary_Gunner_Genie,5,1
Mercenary_Gunner_Yttakin,12,Mercenary_Sniper_XylGaunt,13,-1
Tribal_Berserker_Genie,6,Tribal_Archer_XylTrog,10,-1
Mercenary_Slasher_XylSuccuboid,7,Mercenary_Sniper_XylNixie,8,1
Scavenger_Hussar,17,Tribal_Berserker_XylWarcat,18,-1
Tribal_Penitent_Baseliner,14,Grenadier_Destructive_XylTitan,8,1
Tribal_Berserker_Dirtmole,2,Tribal_Penitent_Pigskin,1,1
Grenadier_Destructive_Sanguophage,1,Scavenger_Genie,2,-1
Tribal_Archer_Waster,2,Town_Guard_Impid,1,-1
Tribal_Berserker_XylSuccuboid,2,Scavenger_Hussar,1,1
Town_Guard_Impid,3,Tribal_Berserker_XylChyrr,4,-1
Scavenger_Hussar,1,Scavenger_Baseliner,3,-1
Tribal_Archer_Baseliner,3,Tribal_Penitent_Genie,3,1
Mercenary_Sniper_XylTrog,16,Scavenger_Neanderthal,21,1
Tribal_Berserker_Yttakin,9,Villager_Highmate,22,-1
Grenadier_Destructive_XylSuccuboid,11,Scavenger_Starjack,14,1
Scavenger_Yttakin,2,Tribal_Penitent_XylTrog,2,1
Tribal_Archer_Dirtmole,11,Grenadier_Destructive_Neanderthal,5,1
Tribal_Berserker_Starjack,14,Tribal_Berserker_XylSuccuboid,15,-1
Mercenary_Gunner_XylGaunt,1,Mercenary_Gunner_XylBossaps,1,1
Tribal_Penitent_Waster,25,Mercenary_Slasher_XylBossaps,7,1
Town_Guard_Starjack,2,Mercenary_Gunner_XylBossaps,2,-1
Scavenger_Baseliner,7,Tribal_Berserker_Baseliner,6,-1
Tribal_Penitent_XylBossaps,3,Town_Guard_Waster,2,1
Tribal_Penitent_XylDvergr,2,Town_Guard_XylGaunt,2,-1
Mercenary_Sniper_Impid,12,Tribal_Berserker_Baseliner,23,-1
Tribal_Berserker_XylTrog,2,Tribal_Archer_XylTitan,3,1
Villager_Highmate,5,Mercenary_Gunner_XylGaunt,3,-1
Mercenary_Gunner_XylTrog,4,Tribal_Penitent_Impid,9,-1
Tribal_Berserker_XylNixie,10,Scavenger_Genie,12,-1
Mercenary_Sniper_Pigskin,5,Grenadier_Destructive_Hussar,4,1
Mercenary_Slasher_Pigskin,4,Mercenary_Slasher_Highmate,6,1
Mercenary_Slasher_Waster,2,Mercenary_Sniper_Hussar,1,-1
Villager_Impid,12,Mercenary_Sniper_XylTrog,6,-1
Grenadier_Destructive_XylWarcat,6,Tribal_Berserker_Dirtmole,6,1
Grenadier_Destructive_XylBossaps,7,Mercenary_Gunner_Hussar,5,-1
Town_Guard_Sanguophage,1,Grenadier_Destructive_Baseliner,1,1
Tribal_Berserker_Dirtmole,1,Tribal_Berserker_Dirtmole,1,1
Mercenary_Slasher_XylNixie,6,Grenadier_Destructive_Sanguophage,5,1
Town_Guard_Pigskin,16,Grenadier_Destructive_XylGaunt,14,-1
Scavenger_Baseliner,22,Mercenary_Sniper_Yttakin,8,1
Tribal_Berserker_Dirtmole,5,Tribal_Archer_Neanderthal,5,-1
Villager_XylSuccuboid,6,Tribal_Archer_XylSuccuboid,5,1
Tribal_Archer_Hussar,5,Mercenary_Sniper_XylNixie,3,-1
Mercenary_Slasher_XylTitan,2,Villager_Sanguophage,2,1
Scavenger_Yttakin,17,Tribal_Archer_Impid,19,1
Scavenger_XylBossaps,24,Mercenary_Gunner_Genie,13,1
Town_Guard_XylBossaps,7,Tribal_Penitent_XylTitan,11,-1
Villager_XylSuccuboid,17,Town_Guard_Starjack,13,1
Grenadier_Destructive_Baseliner,2,Mercenary_Slasher_Starjack,1,1
Mercenary_Sniper_XylChyrr,1,Tribal_Berserker_XylWarcat,2,-1
Scavenger_Waster,2,Scavenger_Highmate,3,-1
Villager_Dirtmole,3,Tribal_Archer_XylTitan,4,-1
Tribal_Archer_XylTrog,6,Mercenary_Slasher_Baseliner,2,1
Tribal_Berserker_XylTitan,2,Grenadier_Destructive_XylDvergr,2,1
Tribal_Berserker_XylWarcat,4,Tribal_Penitent_XylTrog,6,1
Mercenary_Gunner_Baseliner,7,Town_Guard_XylGaunt,10,-1
Tribal_Berserker_Impid,3,Town_Guard_Sanguophage,1,1
Villager_Waster,6,Town_Guard_Highmate,5,1
Tribal_Penitent_XylDvergr,3,Town_Guard_XylNixie,2,1
Mercenary_Sniper_Baseliner,3,Mercenary_Slasher_XylGaunt,2,-1
Villager_Starjack,12,Mercenary_Sniper_Neanderthal,3,1
Mercenary_Slasher_Pigskin,2,Tribal_Archer_Waster,3,-1
Tribal_Berserker_XylGaunt,1,Tribal_Penitent_Pigskin,3,-1
Mercenary_Slasher_Sanguophage,1,Tribal_Penitent_Neanderthal,4,-1
Mercenary_Sniper_Yttakin,2,Tribal_Berserker_XylTrog,6,-1
Grenadier_Destructive_Baseliner,3,Tribal_Penitent_XylTitan,4,-1
Villager_XylNixie,3,Mercenary_Sniper_XylWarcat,1,-1
Tribal_Archer_XylWarcat,7,Villager_Genie,7,1
Mercenary_Sniper_Baseliner,15,Grenadier_Destructive_Neanderthal,14,1
Grenadier_Destructive_XylDvergr,19,Tribal_Berserker_XylDvergr,20,1
Scavenger_XylBossaps,18,Tribal_Berserker_Impid,11,1
Grenadier_Destructive_XylTitan,11,Tribal_Archer_XylGaunt,16,-1
Mercenary_Slasher_XylBossaps,1,Tribal_Archer_XylSuccuboid,2,-1
Grenadier_Destructive_XylBossaps,4,Grenadier_Destructive_Neanderthal,2,1
Tribal_Archer_XylBossaps,15,Villager_Baseliner,14,1
Scavenger_XylTrog,6,Scavenger_Yttakin,4,1
Villager_XylNixie,7,Mercenary_Sniper_Dirtmole,3,1
Mercenary_Sniper_Pigskin,5,Villager_Genie,14,-1
Villager_Dirtmole,15,Tribal_Archer_Pigskin,15,1
Mercenary_Slasher_Dirtmole,2,Scavenger_Highmate,5,-1
Town_Guard_XylDvergr,9,Villager_Waster,13,1
Mercenary_Slasher_Starjack,7,Town_Guard_Hussar,12,-1
Mercenary_Gunner_Sanguophage,2,Tribal_Archer_Impid,7,-1
Town_Guard_Hussar,3,Villager_Genie,6,1
Scavenger_Highmate,20,Tribal_Archer_XylChyrr,16,1
Tribal_Berserker_Starjack,7,Tribal_Penitent_XylTitan,10,-1
Mercenary_Sniper_Waster,5,Tribal_Berserker_XylSuccuboid,9,-1
Mercenary_Slasher_XylTitan,9,Tribal_Archer_XylDvergr,30,-1
Grenadier_Destructive_Dirtmole,9,Tribal_Penitent_Sanguophage,6,1
Town_Guard_Genie,2,Town_Guard_Impid,2,-1
Villager_XylNixie,13,Mercenary_Gunner_XylBossaps,7,-1
Town_Guard_Hussar,10,Mercenary_Sniper_Starjack,8,1
Tribal_Penitent_Impid,6,Tribal_Penitent_XylNixie,7,1
Villager_Hussar,1,Villager_XylChyrr,2,1
Mercenary_Sniper_Starjack,2,Tribal_Archer_Genie,2,1
Mercenary_Sniper_XylSuccuboid,2,Tribal_Archer_XylBossaps,6,-1
Scavenger_Hussar,2,Mercenary_Sniper_Sanguophage,1,1
Mercenary_Sniper_XylTrog,1,Scavenger_Genie,2,1
Mercenary_Gunner_Neanderthal,4,Town_Guard_Starjack,10,-1
Town_Guard_Yttakin,1,Scavenger_XylWarcat,1,1
Scavenger_Dirtmole,13,Villager_Starjack,14,1
Mercenary_Slasher_Hussar,2,Scavenger_XylBossaps,6,-1
Tribal_Penitent_Waster,1,Villager_XylBossaps,2,-1
Town_Guard_XylTitan,2,Mercenary_Slasher_Genie,1,1
Scavenger_Pigskin,8,Town_Guard_XylGaunt,6,-1
Mercenary_Slasher_XylNixie,3,Tribal_Archer_Hussar,5,-1
Villager_Genie,3,Mercenary_Gunner_Genie,1,1
Tribal_Penitent_XylSuccuboid,2,Grenadier_Destructive_Waster,1,1
Tribal_Archer_Neanderthal,2,Scavenger_XylDvergr,5,-1
Tribal_Berserker_XylBossaps,2,Mercenary_Gunner_XylTitan,1,1
Mercenary_Gunner_XylTrog,10,Grenadier_Destructive_XylDvergr,12,1
Tribal_Archer_Hussar,5,Tribal_Archer_XylTrog,7,1
Tribal_Penitent_Neanderthal,8,Grenadier_Destructive_Genie,7,1
Mercenary_Sniper_XylTrog,9,Mercenary_Slasher_Starjack,8,1
Mercenary_Gunner_Starjack,1,Tribal_Berserker_XylDvergr,2,-1
Tribal_Penitent_Sanguophage,2,Town_Guard_Genie,4,1
Town_Guard_Yttakin,4,Town_Guard_Starjack,4,1
Mercenary_Gunner_Dirtmole,5,Mercenary_Sniper_XylNixie,5,-1
Tribal_Penitent_Dirtmole,11,Tribal_Berserker_Genie,6,1
Tribal_Penitent_XylWarcat,7,Mercenary_Slasher_Impid,1,1
Tribal_Penitent_Waster,18,Mercenary_Gunner_Sanguophage,4,1
Tribal_Penitent_XylSuccuboid,2,Mercenary_Slasher_Genie,1,1
Scavenger_Yttakin,3,Scavenger_Yttakin,4,-1
Tribal_Penitent_XylBossaps,2,Tribal_Penitent_XylGaunt,3,-1
Villager_XylSuccuboid,7,Scavenger_Sanguophage,2,1
Grenadier_Destructive_Pigskin,10,Town_Guard_Waster,11,-1
Scavenger_Sanguophage,15,Mercenary_Slasher_Starjack,13,1
Grenadier_Destructive_Impid,5,Mercenary_Slasher_Neanderthal,3,1
Villager_XylDvergr,11,Tribal_Penitent_XylChyrr,12,1
Scavenger_XylBossaps,5,Villager_XylBossaps,7,-1
Scavenger_Waster,2,Tribal_Archer_Pigskin,1,1
Mercenary_Gunner_XylTitan,5,Villager_Sanguophage,3,1
Mercenary_Gunner_Sanguophage,3,Villager_XylTitan,13,-1
Town_Guard_XylTrog,12,Town_Guard_Neanderthal,7,1
Villager_XylChyrr,13,Scavenger_XylWarcat,12,-1
Mercenary_Sniper_Impid,9,Mercenary_Slasher_XylDvergr,8,-1
Tribal_Berserker_Dirtmole,7,Tribal_Archer_Dirtmole,10,1
Grenadier_Destructive_Impid,4,Tribal_Archer_Baseliner,7,1
Mercenary_Gunner_Neanderthal,1,Town_Guard_XylNixie,2,-1
Tribal_Penitent_Pigskin,1,Tribal_Penitent_Highmate,2,-1
Mercenary_Gunner_Neanderthal,12,Grenadier_Destructive_Hussar,16,1
Tribal_Penitent_XylBossaps,2,Scavenger_XylBossaps,2,-1
Grenadier_Destructive_Pigskin,4,Tribal_Berserker_Starjack,6,-1
Tribal_Berserker_XylBossaps,1,Tribal_Penitent_XylGaunt,2,-1
Scavenger_Hussar,2,Villager_Pigskin,1,1
Mercenary_Sniper_Impid,4,Mercenary_Gunner_XylTitan,6,-1
Mercenary_Slasher_XylSuccuboid,11,Grenadier_Destructive_Impid,19,-1
Villager_Sanguophage,3,Villager_Waster,7,-1
Villager_XylGaunt,4,Scavenger_Neanderthal,1,1
Mercenary_Gunner_Neanderthal,4,Mercenary_Sniper_Baseliner,4,1
Scavenger_XylChyrr,2,Villager_XylWarcat,2,-1
Town_Guard_Impid,21,Grenadier_Destructive_Sanguophage,9,1
Grenadier_Destructive_Neanderthal,2,Grenadier_Destructive_Sanguophage,1,1
Villager_Pigskin,10,Tribal_Penitent_Genie,12,1
Mercenary_Slasher_Sanguophage,1,Grenadier_Destructive_Sanguophage,2,1
Mercenary_Gunner_XylSuccuboid,7,Scavenger_XylChyrr,14,1
Grenadier_Destructive_XylBossaps,13,Tribal_Penitent_Waster,23,1
Mercenary_Sniper_XylNixie,1,Town_Guard_Pigskin,2,-1
Town_Guard_XylWarcat,4,Grenadier_Destructive_XylChyrr,4,-1
Tribal_Penitent_XylTrog,16,Mercenary_Slasher_Impid,4,1
Mercenary_Gunner_Genie,11,Mercenary_Sniper_Baseliner,8,-1
Mercenary_Gunner_Genie,13,Mercenary_Slasher_XylNixie,8,1
Mercenary_Slasher_Genie,2,Tribal_Archer_XylWarcat,6,-1
Scavenger_Neanderthal,2,Tribal_Berserker_Impid,3,-1
Mercenary_Sniper_XylBossaps,7,Mercenary_Slasher_Neanderthal,4,1
Grenadier_Destructive_XylWarcat,17,Town_Guard_Hussar,13,1
Tribal_Archer_Dirtmole,9,Tribal_Penitent_Highmate,13,1
Mercenary_Slasher_Hussar,1,Mercenary_Sniper_XylTitan,4,-1
Grenadier_Destructive_Genie,10,Tribal_Penitent_Pigskin,17,-1
Mercenary_Sniper_Starjack,2,Grenadier_Destructive_XylGaunt,2,-1
Tribal_Berserker_XylTrog,4,Tribal_Berserker_Yttakin,4,-1
Grenadier_Destructive_XylTrog,12,Villager_XylDvergr,18,-1
Mercenary_Slasher_Starjack,3,Tribal_Penitent_Sanguophage,5,-1
Tribal_Archer_Pigskin,11,Mercenary_Slasher_XylChyrr,3,1
Scavenger_Impid,16,Tribal_Penitent_Hussar,16,1
Tribal_Penitent_Sanguophage,1,Tribal_Berserker_XylChyrr,1,1
Scavenger_Genie,2,Mercenary_Gunner_Waster,1,1
Mercenary_Slasher_XylDvergr,3,Mercenary_Sniper_Waster,5,1
Grenadier_Destructive_XylDvergr,14,Tribal_Berserker_Neanderthal,9,1
Mercenary_Gunner_XylGaunt,9,Tribal_Penitent_Sanguophage,8,1
Tribal_Penitent_Impid,17,Tribal_Archer_XylWarcat,18,-1
Mercenary_Gunner_Neanderthal,2,Mercenary_Sniper_Sanguophage,1,1
Tribal_Berserker_XylTrog,3,Villager_Impid,2,1
Mercenary_Gunner_XylTrog,2,Scavenger_XylSuccuboid,3,1
Villager_XylDvergr,1,Mercenary_Sniper_Hussar,1,-1
Mercenary_Slasher_XylTitan,1,Tribal_Archer_XylGaunt,5,-1
Villager_Neanderthal,14,Grenadier_Destructive_Waster,15,1
Tribal_Penitent_Genie,2,Town_Guard_Yttakin,1,-1
Mercenary_Slasher_Hussar,1,Town_Guard_XylGaunt,6,-1
Mercenary_Sniper_Starjack,5,Tribal_Berserker_Dirtmole,8,-1
Mercenary_Sniper_XylWarcat,13,Villager_Neanderthal,21,-1
Villager_XylTitan,7,Tribal_Archer_XylGaunt,7,1
Mercenary_Gunner_Impid,4,Tribal_Berserker_XylBossaps,6,-1
Tribal_Penitent_XylTitan,4,Mercenary_Slasher_Dirtmole,1,1
Town_Guard_Waster,9,Tribal_Penitent_XylGaunt,12,-1
Grenadier_Destructive_XylChyrr,6,Mercenary_Gunner_Pigskin,6,-1
Villager_Neanderthal,20,Mercenary_Slasher_XylTrog,10,1
Grenadier_Destructive_Highmate,6,Villager_XylSuccuboid,8,-1
Mercenary_Sniper_XylWarcat,4,Villager_XylSuccuboid,8,1
Mercenary_Slasher_Impid,3,Villager_XylBossaps,13,-1
Mercenary_Sniper_Yttakin,4,Tribal_Berserker_Starjack,7,1
Mercenary_Gunner_Baseliner,3,Grenadier_Destructive_XylTrog,3,-1
Scavenger_XylSuccuboid,16,Scavenger_Starjack,16,-1
Tribal_Penitent_XylDvergr,7,Tribal_Berserker_XylBossaps,4,1
Scavenger_XylChyrr,20,Scavenger_Sanguophage,8,1
Mercenary_Sniper_XylBossaps,2,Tribal_Archer_Hussar,2,1
Mercenary_Sniper_XylChyrr,1,Town_Guard_Pigskin,2,1
Grenadier_Destructive_Yttakin,12,Mercenary_Slasher_XylDvergr,7,1
Mercenary_Gunner_Impid,8,Mercenary_Slasher_Yttakin,5,-1
Mercenary_Sniper_Pigskin,3,Mercenary_Gunner_Dirtmole,3,-1
Tribal_Archer_XylTrog,6,Mercenary_Slasher_Neanderthal,1,1
Mercenary_Gunner_XylNixie,2,Mercenary_Slasher_Pigskin,1,-1
Scavenger_XylTrog,7,Tribal_Penitent_Dirtmole,9,-1
Town_Guard_Yttakin,4,Mercenary_Gunner_XylSuccuboid,4,-1
Grenadier_Destructive_XylNixie,10,Scavenger_Baseliner,13,1
Grenadier_Destructive_XylWarcat,4,Mercenary_Slasher_XylTitan,3,1
Tribal_Penitent_XylWarcat,4,Tribal_Archer_Sanguophage,1,1
Town_Guard_Dirtmole,2,Mercenary_Sniper_Sanguophage,1,1
Tribal_Penitent_Neanderthal,2,Town_Guard_Dirtmole,1,1
Mercenary_Slasher_Dirtmole,6,Town_Guard_XylSuccuboid,11,-1
Grenadier_Destructive_XylTitan,8,Tribal_Berserker_Pigskin,8,1
Villager_Waster,7,Tribal_Archer_Sanguophage,2,1
Tribal_Archer_Genie,1,Grenadier_Destructive_Yttakin,1,-1
Scavenger_XylTrog,2,Mercenary_Gunner_XylTitan,1,-1
Scavenger_Highmate,2,Villager_XylDvergr,1,1
Mercenary_Gunner_XylTrog,2,Tribal_Penitent_XylSuccuboid,5,-1
Scavenger_Baseliner,7,Tribal_Penitent_XylChyrr,9,-1
Tribal_Archer_XylChyrr,4,Villager_Baseliner,3,-1
Tribal_Archer_Impid,4,Mercenary_Slasher_Waster,2,1
Town_Guard_XylWarcat,13,Villager_Yttakin,14,1
Mercenary_Slasher_XylTrog,2,Mercenary_Slasher_Baseliner,2,1
Tribal_Penitent_Waster,8,Scavenger_XylTitan,7,-1
Town_Guard_Neanderthal,2,Mercenary_Slasher_Pigskin,1,1
Mercenary_Sniper_XylSuccuboid,1,Grenadier_Destructive_Highmate,1,1
Mercenary_Sniper_XylSuccuboid,10,Town_Guard_Starjack,20,-1
Scavenger_XylNixie,22,Villager_Hussar,15,1
Scavenger_Impid,8,Tribal_Penitent_Baseliner,11,-1
Villager_XylDvergr,2,Scavenger_Dirtmole,2,1
Mercenary_Gunner_Dirtmole,2,Tribal_Archer_Genie,6,1
Grenadier_Destructive_Starjack,14,Mercenary_Sniper_Starjack,9,1
Mercenary_Gunner_Hussar,2,Mercenary_Slasher_Dirtmole,3,-1
Tribal_Archer_Sanguophage,1,Tribal_Penitent_XylWarcat,4,-1
Mercenary_Slasher_Pigskin,7,Scavenger_XylNixie,22,-1
Grenadier_Destructive_Impid,7,Tribal_Archer_Waster,12,1
Grenadier_Destructive_XylWarcat,1,Tribal_Penitent_Genie,4,1
Scavenger_XylWarcat,2,Grenadier_Destructive_Impid,1,1
Tribal_Berserker_XylDvergr,3,Mercenary_Slasher_XylChyrr,1,1
Tribal_Archer_Baseliner,2,Mercenary_Gunner_Dirtmole,1,1
Tribal_Penitent_Yttakin,3,Mercenary_Slasher_Waster,1,1
Mercenary_Sniper_Waster,1,Tribal_Archer_Starjack,4,-1
Scavenger_XylTrog,18,Mercenary_Sniper_XylNixie,8,1
Scavenger_XylTitan,1,Grenadier_Destructive_Baseliner,1,-1
Mercenary_Sniper_Sanguophage,2,Tribal_Archer_Waster,13,-1
Mercenary_Sniper_Impid,2,Tribal_Berserker_Dirtmole,3,-1
Tribal_Archer_XylBossaps,7,Mercenary_Slasher_Pigskin,3,1
Scavenger_Sanguophage,3,Tribal_Archer_Genie,9,-1
Grenadier_Destructive_Highmate,17,Tribal_Penitent_Impid,20,-1
Town_Guard_XylChyrr,21,Mercenary_Slasher_Waster,9,-1
Town_Guard_XylBossaps,14,Tribal_Penitent_XylGaunt,21,-1
Tribal_Archer_XylDvergr,4,Tribal_Archer_Impid,3,1
Tribal_Archer_Baseliner,13,Mercenary_Sniper_Pigskin,6,1
Scavenger_Genie,6,Mercenary_Sniper_Impid,2,-1
Town_Guard_XylChyrr,13,Tribal_Penitent_XylChyrr,19,1
Mercenary_Sniper_Starjack,1,Tribal_Penitent_Starjack,4,-1
Mercenary_Sniper_Dirtmole,2,Mercenary_Gunner_XylChyrr,2,-1
Mercenary_Sniper_XylTitan,1,Grenadier_Destructive_XylNixie,1,-1
Villager_XylWarcat,6,Tribal_Archer_Yttakin,5,1
Tribal_Berserker_XylSuccuboid,13,Villager_Waster,19,-1
Tribal_Penitent_XylChyrr,14,Villager_XylChyrr,12,1
Tribal_Penitent_Waster,2,Mercenary_Sniper_XylSuccuboid,1,1
Mercenary_Sniper_XylSuccuboid,1,Tribal_Penitent_Dirtmole,2,-1
Mercenary_Gunner_Baseliner,6,Mercenary_Gunner_XylDvergr,5,1
Mercenary_Slasher_XylNixie,14,Tribal_Berserker_Neanderthal,21,-1
Mercenary_Sniper_XylSuccuboid,1,Tribal_Penitent_Impid,3,-1
Tribal_Berserker_XylWarcat,2,Tribal_Archer_XylTitan,2,1
Grenadier_Destructive_Sanguophage,1,Tribal_Penitent_Hussar,2,-1
Mercenary_Gunner_Waster,1,Tribal_Penitent_Baseliner,3,-1
Grenadier_Destructive_Baseliner,3,Town_Guard_XylGaunt,2,1
Villager_XylTrog,2,Town_Guard_XylTitan,5,-1
Mercenary_Gunner_Hussar,8,Mercenary_Slasher_XylTrog,16,-1
Villager_Starjack,5,Tribal_Archer_XylSuccuboid,5,-1
Villager_Sanguophage,4,Mercenary_Slasher_Genie,10,-1
Tribal_Archer_Pigskin,2,Villager_XylSuccuboid,1,1
Mercenary_Sniper_XylDvergr,7,Town_Guard_Genie,22,-1
Town_Guard_Waster,2,Grenadier_Destructive_Yttakin,2,-1
Mercenary_Sniper_Sanguophage,4,Mercenary_Slasher_Starjack,12,-1
Grenadier_Destructive_XylSuccuboid,19,Mercenary_Gunner_Impid,15,-1
Grenadier_Destructive_Baseliner,1,Villager_XylGaunt,1,-1
Tribal_Archer_XylTitan,6,Tribal_Berserker_Impid,3,1
Mercenary_Gunner_Sanguophage,2,Tribal_Berserker_XylDvergr,1,1
Town_Guard_XylTrog,4,Tribal_Archer_Impid,9,-1
Mercenary_Gunner_Starjack,7,Grenadier_Destructive_Highmate,10,-1
Mercenary_Sniper_XylChyrr,1,Mercenary_Slasher_XylChyrr,3,-1
Mercenary_Gunner_Pigskin,4,Villager_Yttakin,6,-1
Town_Guard_XylNixie,8,Mercenary_Gunner_Baseliner,9,-1
Mercenary_Sniper_Neanderthal,1,Mercenary_Slasher_XylChyrr,3,-1
Tribal_Penitent_Highmate,5,Mercenary_Sniper_XylWarcat,3,-1
Scavenger_XylNixie,9,Tribal_Penitent_Yttakin,8,-1
Town_Guard_Baseliner,2,Town_Guard_Starjack,2,-1
Grenadier_Destructive_XylDvergr,12,Mercenary_Slasher_Sanguophage,7,1
Mercenary_Slasher_XylWarcat,12,Mercenary_Sniper_XylDvergr,11,1
Mercenary_Slasher_XylWarcat,11,Mercenary_Gunner_Dirtmole,11,1
Villager_Baseliner,3,Tribal_Archer_Sanguophage,3,-1
Tribal_Berserker_XylTitan,2,Villager_XylSuccuboid,2,1
Scavenger_Pigskin,1,Town_Guard_XylWarcat,2,-1
Tribal_Penitent_Waster,13,Mercenary_Slasher_Pigskin,5,1
Tribal_Archer_XylTrog,2,Mercenary_Slasher_XylNixie,1,1
Mercenary_Gunner_Genie,1,Scavenger_XylNixie,1,1
Grenadier_Destructive_XylTitan,2,Tribal_Berserker_XylNixie,3,-1
Mercenary_Sniper_Starjack,1,Villager_XylWarcat,2,-1
Town_Guard_Neanderthal,4,Mercenary_Sniper_XylGaunt,2,-1
Scavenger_XylTitan,25,Mercenary_Gunner_XylSuccuboid,10,1
Villager_XylBossaps,5,Mercenary_Sniper_XylChyrr,3,1
Town_Guard_XylChyrr,4,Mercenary_Slasher_Genie,2,1
Mercenary_Gunner_XylGaunt,1,Villager_Neanderthal,1,1
Town_Guard_XylTitan,11,Scavenger_XylGaunt,13,-1
Tribal_Archer_Neanderthal,13,Town_Guard_Genie,22,1
Tribal_Berserker_Starjack,18,Tribal_Berserker_XylDvergr,16,-1
Tribal_Penitent_XylBossaps,22,Mercenary_Slasher_XylGaunt,6,1
Scavenger_XylSuccuboid,5,Town_Guard_XylTrog,1,1
Tribal_Berserker_XylGaunt,6,Mercenary_Slasher_Sanguophage,1,1
Grenadier_Destructive_Genie,2,Villager_Genie,2,-1
Town_Guard_XylTrog,6,Mercenary_Gunner_XylSuccuboid,5,-1
Scavenger_Baseliner,4,Tribal_Archer_Hussar,3,-1
Mercenary_Sniper_XylSuccuboid,12,Mercenary_Slasher_Genie,8,1
Tribal_Archer_Neanderthal,18,Tribal_Berserker_XylSuccuboid,14,1
Town_Guard_XylGaunt,9,Tribal_Berserker_XylChyrr,22,-1
Mercenary_Sniper_Waster,23,Grenadier_Destructive_Yttakin,5,1
Mercenary_Gunner_Waster,2,Town_Guard_Highmate,5,-1
Mercenary_Slasher_XylGaunt,2,Tribal_Archer_XylTrog,8,1
Tribal_Archer_Sanguophage,5,Town_Guard_XylNixie,5,-1
Mercenary_Slasher_Baseliner,7,Mercenary_Gunner_Impid,6,1
Tribal_Penitent_XylChyrr,4,Mercenary_Sniper_XylGaunt,1,1
Mercenary_Slasher_Highmate,12,Grenadier_Destructive_Dirtmole,4,1
Town_Guard_Genie,6,Grenadier_Destructive_XylTrog,3,1
Mercenary_Gunner_Starjack,23,Mercenary_Gunner_Baseliner,10,1
Mercenary_Slasher_Genie,2,Town_Guard_XylDvergr,3,-1
Grenadier_Destructive_Waster,10,Tribal_Penitent_XylWarcat,12,-1
Tribal_Archer_XylBossaps,16,Mercenary_Slasher_Genie,16,1
Tribal_Berserker_XylBossaps,10,Scavenger_Pigskin,19,1
Grenadier_Destructive_Dirtmole,1,Mercenary_Gunner_XylTrog,1,-1
Scavenger_Baseliner,5,Mercenary_Gunner_XylTitan,2,-1
Mercenary_Slasher_Hussar,2,Tribal_Penitent_Hussar,1,1
Tribal_Berserker_XylChyrr,1,Town_Guard_Neanderthal,1,1
Tribal_Archer_XylGaunt,2,Grenadier_Destructive_Highmate,3,1
Villager_Yttakin,11,Mercenary_Slasher_Neanderthal,7,-1
Grenadier_Destructive_XylTitan,5,Mercenary_Gunner_Impid,2,1
Grenadier_Destructive_XylWarcat,3,Tribal_Berserker_Hussar,1,1
Tribal_Penitent_Starjack,2,Scavenger_XylTrog,2,-1
Mercenary_Gunner_Neanderthal,4,Mercenary_Slasher_Yttakin,6,-1
Scavenger_Starjack,19,Mercenary_Gunner_Waster,10,-1
Mercenary_Gunner_XylTrog,3,Tribal_Penitent_Yttakin,4,1
Tribal_Archer_Starjack,29,Mercenary_Sniper_Hussar,9,1
Mercenary_Slasher_Pigskin,5,Mercenary_Slasher_Genie,14,-1
Scavenger_Pigskin,11,Grenadier_Destructive_XylChyrr,11,1
Mercenary_Sniper_XylNixie,11,Grenadier_Destructive_XylTrog,14,-1
Mercenary_Sniper_Baseliner,4,Mercenary_Gunner_Neanderthal,3,1
Mercenary_Slasher_Impid,18,Tribal_Archer_Neanderthal,12,1
Mercenary_Slasher_XylTrog,1,Scavenger_Neanderthal,1,-1
Tribal_Penitent_XylSuccuboid,10,Town_Guard_XylGaunt,8,-1
Mercenary_Sniper_XylGaunt,13,Villager_Sanguophage,25,1
Town_Guard_Genie,13,Tribal_Berserker_XylChyrr,9,1
Town_Guard_XylDvergr,1,Villager_Impid,1,-1
Tribal_Penitent_XylDvergr,16,Mercenary_Slasher_XylChyrr,9,1
Town_Guard_XylSuccuboid,7,Tribal_Berserker_Neanderthal,3,1
Mercenary_Slasher_XylWarcat,10,Town_Guard_XylSuccuboid,23,1
Mercenary_Sniper_Waster,7,Scavenger_Yttakin,3,1
Grenadier_Destructive_XylGaunt,3,Mercenary_Gunner_Waster,4,1
Town_Guard_XylWarcat,5,Tribal_Penitent_XylDvergr,6,1
Scavenger_XylSuccuboid,2,Tribal_Archer_XylSuccuboid,3,-1
Mercenary_Slasher_XylWarcat,1,Villager_XylTrog,2,1
Mercenary_Slasher_Impid,3,Scavenger_Pigskin,8,-1
Villager_XylWarcat,10,Mercenary_Sniper_Hussar,4,1
Town_Guard_XylGaunt,1,Mercenary_Slasher_Starjack,3,1
Grenadier_Destructive_XylNixie,7,Town_Guard_Starjack,9,-1
Tribal_Penitent_XylBossaps,7,Mercenary_Gunner_XylSuccuboid,4,1
Villager_Baseliner,3,Mercenary_Gunner_XylDvergr,3,-1
Mercenary_Gunner_XylNixie,1,Tribal_Archer_Sanguophage,1,1
Grenadier_Destructive_Dirtmole,2,Tribal_Penitent_Genie,3,-1
Mercenary_Slasher_Impid,16,Grenadier_Destructive_XylBossaps,11,1
Town_Guard_XylChyrr,14,Tribal_Penitent_XylBossaps,12,-1
Tribal_Berserker_XylGaunt,10,Mercenary_Gunner_Dirtmole,8,1
Tribal_Berserker_Waster,1,Mercenary_Gunner_Neanderthal,3,-1
Scavenger_Impid,1,Town_Guard_XylBossaps,2,-1
Tribal_Penitent_XylGaunt,4,Tribal_Archer_XylSuccuboid,5,1
Grenadier_Destructive_XylSuccuboid,1,Mercenary_Sniper_Pigskin,2,-1
Scavenger_Hussar,6,Tribal_Penitent_XylTrog,4,1
Mercenary_Gunner_XylChyrr,1,Grenadier_Destructive_Pigskin,2,-1
Mercenary_Gunner_XylGaunt,1,Mercenary_Slasher_XylDvergr,2,-1
Villager_Baseliner,20,Tribal_Penitent_Highmate,17,1
Tribal_Archer_Pigskin,2,Tribal_Berserker_XylSuccuboid,2,-1
Tribal_Archer_XylSuccuboid,3,Tribal_Penitent_Sanguophage,3,-1
Tribal_Berserker_XylGaunt,2,Town_Guard_Pigskin,1,1
Scavenger_Starjack,1,Mercenary_Slasher_Yttakin,2,-1
Mercenary_Slasher_XylWarcat,6,Tribal_Berserker_Waster,5,1
Town_Guard_Baseliner,1,Villager_Sanguophage,3,-1
Town_Guard_Highmate,2,Tribal_Archer_Sanguophage,1,-1
Scavenger_XylDvergr,2,Scavenger_Waster,3,-1
Mercenary_Slasher_Hussar,11,Villager_XylNixie,7,1
Tribal_Berserker_Hussar,1,Tribal_Penitent_XylTrog,2,-1
Tribal_Archer_XylSuccuboid,8,Scavenger_Hussar,8,-1
Scavenger_Pigskin,1,Grenadier_Destructive_Yttakin,1,1
Tribal_Penitent_Waster,4,Grenadier_Destructive_Pigskin,4,-1
Mercenary_Gunner_Yttakin,1,Town_Guard_Highmate,2,1
Scavenger_Hussar,4,Mercenary_Slasher_XylDvergr,8,-1
Villager_XylTitan,2,Tribal_Archer_XylNixie,2,1
Mercenary_Slasher_Pigskin,5,Mercenary_Slasher_Hussar,7,-1
Tribal_Archer_XylWarcat,10,Mercenary_Gunner_Waster,20,-1
Tribal_Berserker_Waster,6,Grenadier_Destructive_Yttakin,8,-1
Scavenger_XylNixie,8,Mercenary_Slasher_Neanderthal,12,-1
Tribal_Penitent_Yttakin,7,Town_Guard_XylTitan,11,-1
Villager_XylSuccuboid,5,Mercenary_Slasher_Sanguophage,15,-1
Villager_Highmate,5,Mercenary_Gunner_Hussar,6,-1
Tribal_Archer_Pigskin,2,Grenadier_Destructive_XylDvergr,1,1
Mercenary_Slasher_Dirtmole,4,Town_Guard_Highmate,1,1
Mercenary_Slasher_XylDvergr,2,Tribal_Penitent_Baseliner,2,-1
Tribal_Archer_Genie,15,Mercenary_Gunner_Hussar,8,-1
Mercenary_Gunner_Neanderthal,2,Villager_XylGaunt,2,1
Scavenger_Baseliner,10,Villager_XylTrog,4,1
Tribal_Berserker_XylSuccuboid,6,Villager_XylBossaps,5,-1
Grenadier_Destructive_XylDvergr,1,Mercenary_Sniper_Pigskin,1,-1
Villager_XylTitan,1,Scavenger_XylChyrr,2,1
Town_Guard_XylChyrr,22,Mercenary_Gunner_Yttakin,18,-1
Mercenary_Gunner_Genie,15,Tribal_Archer_XylTitan,7,1
Scavenger_Waster,20,Tribal_Penitent_Baseliner,13,1
Grenadier_Destructive_XylSuccuboid,2,Mercenary_Slasher_XylBossaps,4,-1
Grenadier_Destructive_XylGaunt,2,Tribal_Penitent_XylBossaps,3,-1
Tribal_Berserker_Baseliner,2,Scavenger_Waster,2,1
Town_Guard_XylChyrr,3,Mercenary_Slasher_XylSuccuboid,2,-1
Grenadier_Destructive_XylDvergr,14,Villager_XylTrog,12,-1
Town_Guard_XylNixie,2,Grenadier_Destructive_XylDvergr,2,1
Villager_XylGaunt,2,Scavenger_XylChyrr,5,-1
Tribal_Penitent_XylWarcat,12,Tribal_Penitent_Hussar,22,-1
Grenadier_Destructive_XylSuccuboid,2,Scavenger_XylBossaps,1,1
Tribal_Archer_XylWarcat,4,Villager_XylChyrr,15,-1
Town_Guard_XylTrog,6,Town_Guard_Dirtmole,5,1
Tribal_Penitent_XylChyrr,13,Tribal_Archer_XylSuccuboid,10,1
Mercenary_Gunner_XylDvergr,7,Mercenary_Sniper_Genie,26,-1
Tribal_Penitent_Hussar,18,Town_Guard_XylBossaps,18,-1
Tribal_Penitent_Hussar,3,Tribal_Berserker_Sanguophage,3,1
Mercenary_Sniper_XylWarcat,7,Town_Guard_Sanguophage,15,-1
Mercenary_Gunner_XylSuccuboid,7,Tribal_Berserker_XylGaunt,5,-1
Tribal_Archer_Hussar,3,Mercenary_Slasher_XylChyrr,6,-1
Town_Guard_XylTrog,20,Tribal_Archer_XylDvergr,13,1
Town_Guard_Neanderthal,4,Scavenger_Genie,3,1
Tribal_Archer_XylNixie,9,Tribal_Berserker_Sanguophage,9,-1
Mercenary_Sniper_XylNixie,2,Mercenary_Slasher_Baseliner,1,-1
Town_Guard_XylTitan,3,Villager_Starjack,4,1
Mercenary_Gunner_Yttakin,6,Villager_XylNixie,8,1
Tribal_Penitent_Sanguophage,9,Tribal_Archer_Waster,11,1
Tribal_Archer_XylChyrr,10,Grenadier_Destructive_XylGaunt,3,-1
Mercenary_Slasher_Waster,1,Town_Guard_XylChyrr,2,-1
Villager_XylSuccuboid,21,Tribal_Archer_XylBossaps,17,-1
Scavenger_Sanguophage,24,Scavenger_Hussar,7,1
Town_Guard_XylTrog,6,Tribal_Penitent_XylTitan,4,1
Mercenary_Gunner_XylNixie,1,Mercenary_Gunner_Neanderthal,1,-1
Mercenary_Slasher_XylChyrr,2,Villager_Neanderthal,1,1
Scavenger_XylTrog,12,Tribal_Archer_Waster,15,1
Villager_Sanguophage,15,Tribal_Archer_XylNixie,13,1
Grenadier_Destructive_Hussar,4,Villager_XylSuccuboid,3,1
Scavenger_Baseliner,1,Tribal_Berserker_XylDvergr,1,-1
Tribal_Penitent_Hussar,4,Tribal_Berserker_XylDvergr,3,1
Mercenary_Gunner_Yttakin,2,Mercenary_Sniper_XylNixie,3,1
Tribal_Archer_Sanguophage,7,Tribal_Archer_XylBossaps,3,1
Scavenger_XylWarcat,1,Mercenary_Gunner_Neanderthal,2,-1
Scavenger_XylTitan,17,Mercenary_Sniper_XylWarcat,17,-1
Mercenary_Sniper_Neanderthal,11,Tribal_Berserker_Sanguophage,5,1
Tribal_Archer_XylWarcat,4,Tribal_Archer_XylGaunt,5,-1
Mercenary_Gunner_XylNixie,2,Mercenary_Gunner_XylWarcat,1,1
Scavenger_Sanguophage,11,Tribal_Archer_Neanderthal,4,1
Tribal_Archer_XylDvergr,1,Town_Guard_XylTrog,1,-1
Mercenary_Gunner_Genie,1,Grenadier_Destructive_XylTrog,2,1
Mercenary_Gunner_Yttakin,2,Tribal_Berserker_Starjack,6,-1
Mercenary_Slasher_XylChyrr,4,Scavenger_Highmate,2,1
Mercenary_Gunner_Pigskin,1,Villager_XylDvergr,2,1
Villager_Dirtmole,7,Grenadier_Destructive_XylDvergr,12,-1
Tribal_Penitent_Dirtmole,13,Grenadier_Destructive_Baseliner,23,-1
Mercenary_Gunner_XylGaunt,1,Mercenary_Gunner_XylBossaps,2,1
Mercenary_Sniper_Yttakin,10,Villager_XylNixie,9,1
Town_Guard_Sanguophage,5,Tribal_Penitent_Impid,3,1
Mercenary_Gunner_Impid,2,Tribal_Berserker_XylGaunt,1,1
Tribal_Berserker_Waster,3,Town_Guard_Baseliner,5,-1
Mercenary_Gunner_Starjack,4,Scavenger_XylDvergr,1,1
Scavenger_XylSuccuboid,2,Mercenary_Slasher_XylTrog,2,-1
Town_Guard_Hussar,2,Villager_Pigskin,2,-1
Town_Guard_XylGaunt,10,Grenadier_Destructive_XylGaunt,10,-1
Scavenger_XylTitan,3,Mercenary_Sniper_Sanguophage,13,-1
Grenadier_Destructive_Hussar,4,Mercenary_Slasher_XylTrog,3,1
Tribal_Penitent_Waster,4,Mercenary_Sniper_Dirtmole,4,1
Town_Guard_XylTitan,2,Tribal_Penitent_Neanderthal,2,-1
Mercenary_Gunner_Baseliner,17,Scavenger_XylTrog,12,1
Mercenary_Gunner_XylGaunt,3,Tribal_Penitent_Genie,6,1
Mercenary_Gunner_Sanguophage,3,Mercenary_Gunner_XylNixie,2,1
Scavenger_Starjack,1,Scavenger_XylWarcat,1,-1
Tribal_Archer_XylChyrr,6,Town_Guard_Sanguophage,2,-1
Tribal_Berserker_XylBossaps,3,Tribal_Archer_Waster,5,1
Town_Guard_XylGaunt,3,Tribal_Archer_XylTitan,6,-1
Villager_Baseliner,5,Scavenger_Highmate,4,1
Mercenary_Gunner_Neanderthal,1,Mercenary_Sniper_Neanderthal,1,1
Tribal_Archer_XylTitan,1,Tribal_Archer_XylSuccuboid,2,-1
Villager_Dirtmole,3,Mercenary_Slasher_Waster,7,-1
Scavenger_XylTitan,17,Tribal_Archer_XylBossaps,13,1
Tribal_Berserker_XylChyrr,2,Mercenary_Gunner_XylNixie,1,1
Tribal_Penitent_Highmate,10,Tribal_Berserker_XylTitan,15,-1
Tribal_Berserker_Waster,2,Villager_Baseliner,1,1
Tribal_Berserker_Pigskin,2,Empire_Fighter_Cataphract_Genie,3,-1
Empire_Fighter_StellicGuardRanged_Sanguophage,1,Empire_Fighter_StellicGuardMelee_XylGaunt,2,-1
Mercenary_Slasher_XylWarcat,1,Tribal_Berserker_Yttakin,2,-1
Empire_Fighter_StellicGuardMelee_Genie,17,Tribal_Penitent_Starjack,14,1
Empire_Fighter_Janissary_XylSuccuboid,1,Mercenary_Slasher_Dirtmole,1,1
Empire_Fighter_Janissary_Starjack,3,Empire_Fighter_StellicGuardMelee_XylTrog,3,-1
Villager_Waster,1,Villager_XylSuccuboid,3,-1
Villager_Yttakin,3,Empire_Fighter_Janissary_XylChyrr,5,-1
Tribal_Penitent_Waster,2,Tribal_Berserker_Waster,1,1
Empire_Fighter_Cataphract_XylGaunt,4,Empire_Fighter_Cataphract_Genie,2,1
Tribal_Archer_Dirtmole,2,Scavenger_Baseliner,2,-1
Tribal_Archer_XylTrog,5,Empire_Fighter_Janissary_XylSuccuboid,6,-1
Town_Guard_XylGaunt,1,Empire_Fighter_Cataphract_XylSuccuboid,2,-1
Grenadier_Destructive_Waster,13,Empire_Fighter_StellicGuardRanged_XylTrog,12,-1
Empire_Fighter_StellicGuardMelee_Dirtmole,1,Town_Guard_XylNixie,2,1
Mercenary_Gunner_XylDvergr,2,Empire_Fighter_StellicGuardMelee_Yttakin,2,-1
Villager_XylGaunt,12,Scavenger_Impid,10,1
Mercenary_Sniper_Impid,6,Empire_Fighter_StellicGuardRanged_Waster,2,-1
Mercenary_Gunner_Yttakin,2,Tribal_Penitent_XylSuccuboid,1,1
Town_Guard_XylWarcat,8,Tribal_Penitent_XylChyrr,11,1
Tribal_Penitent_XylTitan,2,Mercenary_Sniper_XylSuccuboid,5,-1
Mercenary_Sniper_Waster,2,Mercenary_Slasher_XylTrog,1,-1
Mercenary_Slasher_Impid,6,Grenadier_Destructive_XylChyrr,10,-1
Mercenary_Slasher_Baseliner,2,Empire_Fighter_Janissary_Waster,4,-1
Empire_Fighter_Janissary_Starjack,2,Tribal_Penitent_Sanguophage,1,1
Mercenary_Sniper_Sanguophage,2,Mercenary_Slasher_XylTrog,1,1
Empire_Fighter_Janissary_XylSuccuboid,1,Villager_XylChyrrFixed,1,1
Villager_XylTitan,13,Empire_Fighter_Janissary_XylWarcat,20,-1
Empire_Fighter_Janissary_XylSuccuboid,3,Empire_Fighter_Janissary_XylTitan,5,-1
Tribal_Penitent_Baseliner,13,Empire_Fighter_Cataphract_Impid,20,-1
Town_Guard_Sanguophage,2,Town_Guard_XylChyrrFixed,2,1
Grenadier_Destructive_XylChyrrFixed,2,Grenadier_Destructive_XylTrog,3,-1
Town_Guard_Impid,24,Villager_XylWarcat,14,1
Scavenger_XylWarcat,4,Mercenary_Slasher_XylGaunt,3,1
Scavenger_XylChyrrFixed,8,Tribal_Penitent_XylWarcat,5,-1
Villager_XylWarcat,1,Tribal_Penitent_XylBossaps,2,1
Tribal_Penitent_Starjack,4,Empire_Fighter_Cataphract_Hussar,5,-1
Tribal_Berserker_XylDvergr,5,Mercenary_Gunner_XylTitan,4,-1
Empire_Fighter_Janissary_XylSuccuboid,12,Tribal_Penitent_Waster,14,1
Grenadier_Destructive_Pigskin,1,Villager_XylBossaps,1,1
Scavenger_Yttakin,2,Empire_Fighter_Cataphract_XylBossaps,2,-1
Tribal_Berserker_Neanderthal,11,Grenadier_Destructive_Pigskin,11,1
Mercenary_Slasher_Starjack,3,Empire_Fighter_Janissary_Baseliner,1,-1
Grenadier_Destructive_Starjack,4,Empire_Fighter_Janissary_Baseliner,4,-1
Tribal_Penitent_Genie,5,Mercenary_Gunner_Starjack,4,-1
Town_Guard_Yttakin,8,Mercenary_Sniper_XylChyrrFixed,10,-1
Tribal_Penitent_XylChyrrFixed,1,Empire_Fighter_Janissary_Dirtmole,1,-1
Tribal_Berserker_Sanguophage,7,Tribal_Penitent_Sanguophage,5,1
Tribal_Penitent_XylChyrrFixed,5,Mercenary_Gunner_Waster,6,-1
Mercenary_Sniper_XylChyrrFixed,2,Tribal_Penitent_Impid,1,1
Grenadier_Destructive_XylTitan,10,Tribal_Archer_XylSuccuboid,10,1
Empire_Fighter_Cataphract_XylSuccuboid,1,Empire_Fighter_Janissary_Impid,1,-1
Grenadier_Destructive_XylGaunt,14,Town_Guard_XylNixie,20,1
Mercenary_Gunner_XylNixie,19,Town_Guard_Dirtmole,16,1
Mercenary_Slasher_XylBossaps,4,Villager_Yttakin,2,1
Mercenary_Sniper_XylChyrrFixed,1,Scavenger_XylTitan,2,1
Tribal_Berserker_XylNixie,7,Empire_Fighter_Janissary_Neanderthal,6,-1
Villager_Pigskin,6,Tribal_Archer_XylSuccuboid,6,1
Tribal_Penitent_XylNixie,1,Mercenary_Gunner_XylDvergr,1,-1
Tribal_Archer_Dirtmole,1,Town_Guard_Hussar,2,-1
Tribal_Berserker_Hussar,3,Town_Guard_Impid,2,1
Villager_Baseliner,3,Tribal_Berserker_XylChyrrFixed,2,1
Mercenary_Gunner_Hussar,1,Tribal_Archer_XylGaunt,1,1
Tribal_Archer_XylTrog,12,Empire_Fighter_Janissary_XylNixie,15,-1
Tribal_Penitent_Highmate,4,Tribal_Berserker_XylTrog,2,1
Empire_Fighter_Janissary_Yttakin,6,Mercenary_Slasher_Dirtmole,13,-1
Town_Guard_XylBossaps,7,Villager_XylDvergr,11,1
Empire_Fighter_Cataphract_Waster,3,Empire_Fighter_Janissary_XylChyrrFixed,4,1
Mercenary_Sniper_Starjack,1,Tribal_Penitent_XylChyrrFixed,2,-1
Empire_Fighter_Cataphract_XylSuccuboid,5,Villager_Hussar,3,1
Mercenary_Slasher_Yttakin,4,Empire_Fighter_Cataphract_XylDvergr,4,-1
Tribal_Berserker_XylSuccuboid,3,Town_Guard_XylTrog,1,1
Town_Guard_Impid,13,Town_Guard_Highmate,19,1
Mercenary_Slasher_XylGaunt,4,Villager_Hussar,4,1
Empire_Fighter_Janissary_Genie,2,Empire_Fighter_Cataphract_Yttakin,3,-1
Mercenary_Gunner_Waster,3,Grenadier_Destructive_XylNixie,3,-1
Mercenary_Slasher_XylSuccuboid,10,Empire_Fighter_Janissary_Waster,10,-1
Empire_Fighter_Cataphract_XylTrog,10,Empire_Fighter_Janissary_XylGaunt,9,1
Scavenger_XylChyrrFixed,19,Mercenary_Slasher_XylBossaps,18,-1
Scavenger_XylChyrrFixed,3,Tribal_Penitent_XylWarcat,1,1
Grenadier_Destructive_Waster,8,Tribal_Archer_XylBossaps,6,1
Tribal_Archer_Baseliner,2,Grenadier_Destructive_XylSuccuboid,3,-1
Villager_XylGaunt,1,Empire_Fighter_Janissary_XylTitan,1,-1
Tribal_Archer_Neanderthal,2,Empire_Fighter_Janissary_Dirtmole,2,-1
Tribal_Penitent_Neanderthal,10,Tribal_Penitent_Genie,25,1
Mercenary_Slasher_Dirtmole,21,Town_Guard_XylTitan,15,1
Mercenary_Gunner_XylSuccuboid,5,Empire_Fighter_Cataphract_Hussar,4,-1
Mercenary_Sniper_Genie,15,Tribal_Berserker_Neanderthal,6,1
Tribal_Berserker_Baseliner,2,Mercenary_Gunner_XylWarcat,1,1
Grenadier_Destructive_Yttakin,12,Scavenger_XylNixie,13,1
Tribal_Penitent_XylTrog,7,Grenadier_Destructive_XylGaunt,7,-1
Mercenary_Slasher_Pigskin,1,Town_Guard_XylNixie,2,-1
Grenadier_Destructive_Waster,6,Town_Guard_Starjack,4,-1
Villager_XylSuccuboid,2,Tribal_Archer_XylGaunt,2,-1
Grenadier_Destructive_Starjack,8,Grenadier_Destructive_Impid,7,-1
Mercenary_Sniper_XylBossaps,2,Mercenary_Sniper_XylGaunt,1,1
Villager_Sanguophage,2,Empire_Fighter_Cataphract_XylSuccuboid,1,-1
Mercenary_Gunner_XylChyrrFixed,4,Villager_Waster,2,1
Tribal_Berserker_Pigskin,5,Mercenary_Sniper_XylChyrrFixed,4,1
Empire_Fighter_Janissary_Waster,3,Tribal_Berserker_XylChyrrFixed,7,-1
Mercenary_Gunner_XylTrog,5,Empire_Fighter_Janissary_XylNixie,5,-1
Mercenary_Sniper_Pigskin,16,Town_Guard_Dirtmole,11,1
Mercenary_Slasher_XylChyrrFixed,2,Empire_Fighter_Cataphract_XylTitan,2,-1
Mercenary_Sniper_XylSuccuboid,2,Tribal_Penitent_Pigskin,1,1
Mercenary_Sniper_XylChyrrFixed,11,Empire_Fighter_Cataphract_XylNixie,18,-1
Mercenary_Slasher_XylBossaps,4,Grenadier_Destructive_XylNixie,2,1
Mercenary_Slasher_XylDvergr,21,Mercenary_Slasher_Hussar,16,-1
Grenadier_Destructive_XylNixie,9,Tribal_Penitent_XylWarcat,6,-1
Mercenary_Gunner_Sanguophage,11,Mercenary_Sniper_XylSuccuboid,15,1
Grenadier_Destructive_Genie,3,Empire_Fighter_Janissary_Impid,1,1
Tribal_Penitent_Genie,1,Villager_Sanguophage,1,-1
Scavenger_XylSuccuboid,9,Town_Guard_Sanguophage,4,1
Scavenger_Baseliner,20,Mercenary_Gunner_XylTitan,11,-1
Scavenger_XylGaunt,5,Tribal_Berserker_XylDvergr,7,1
Tribal_Berserker_XylWarcat,5,Empire_Fighter_Cataphract_Impid,4,1
Scavenger_Starjack,2,Tribal_Penitent_Highmate,2,1
Scavenger_XylSuccuboid,9,Town_Guard_Genie,6,1
Tribal_Berserker_XylTitan,7,Villager_XylBossaps,5,1
Tribal_Penitent_XylTrog,3,Scavenger_Starjack,9,-1
Grenadier_Destructive_XylNixie,1,Empire_Fighter_Cataphract_XylWarcat,1,-1
Empire_Fighter_Cataphract_XylBossaps,5,Empire_Fighter_Cataphract_XylTitan,6,-1
Villager_XylGaunt,22,Villager_Baseliner,17,1
Empire_Fighter_Janissary_Baseliner,10,Villager_XylWarcat,9,1
Town_Guard_XylNixie,8,Scavenger_XylGaunt,7,-1
Mercenary_Sniper_XylChyrrFixed,1,Mercenary_Sniper_Sanguophage,3,-1
Tribal_Penitent_Starjack,2,Town_Guard_Sanguophage,1,-1
Mercenary_Slasher_Hussar,9,Villager_XylNixie,15,1
Tribal_Archer_Sanguophage,3,Grenadier_Destructive_XylBossaps,2,-1
Mercenary_Gunner_Yttakin,10,Tribal_Penitent_XylChyrrFixed,17,1
Tribal_Penitent_XylDvergr,17,Mercenary_Gunner_XylDvergr,23,-1
Mercenary_Gunner_XylBossaps,1,Tribal_Archer_Yttakin,2,1
Empire_Fighter_Janissary_Hussar,2,Empire_Fighter_Janissary_XylNixie,1,1
Empire_Fighter_Janissary_XylGaunt,5,Town_Guard_Highmate,5,1
Scavenger_Starjack,13,Empire_Fighter_Janissary_Pigskin,6,1
Empire_Fighter_Janissary_XylDvergr,13,Empire_Fighter_Janissary_XylBossaps,12,-1
Mercenary_Slasher_XylNixie,21,Empire_Fighter_Janissary_XylBossaps,10,-1
Tribal_Penitent_Pigskin,10,Empire_Fighter_Janissary_Sanguophage,13,-1
Empire_Fighter_Cataphract_Pigskin,2,Grenadier_Destructive_Starjack,2,1
Villager_Impid,20,Tribal_Penitent_XylSuccuboid,18,1
Tribal_Penitent_Dirtmole,8,Mercenary_Sniper_Dirtmole,15,-1
Town_Guard_Yttakin,3,Town_Guard_XylDvergr,4,1
Empire_Fighter_Cataphract_XylGaunt,1,Tribal_Berserker_XylChyrrFixed,1,1
Villager_Sanguophage,9,Tribal_Archer_Neanderthal,8,1
Empire_Fighter_Cataphract_Sanguophage,6,Tribal_Penitent_Pigskin,3,1
Grenadier_Destructive_XylBossaps,8,Grenadier_Destructive_XylWarcat,9,-1
Mercenary_Sniper_XylTitan,1,Villager_Waster,2,1
Villager_Dirtmole,3,Tribal_Archer_XylChyrrFixed,2,1
Tribal_Berserker_Yttakin,17,Town_Guard_XylTitan,17,1
Town_Guard_Neanderthal,11,Villager_XylWarcat,8,1
Empire_Fighter_Janissary_Baseliner,3,Tribal_Berserker_XylTitan,6,-1
Tribal_Penitent_Waster,1,Empire_Fighter_Cataphract_Sanguophage,2,-1
Scavenger_Baseliner,6,Villager_XylTrog,4,-1
Scavenger_Neanderthal,2,Empire_Fighter_Cataphract_XylWarcat,1,-1
Mercenary_Gunner_Starjack,5,Tribal_Archer_XylDvergr,3,1
Empire_Fighter_Cataphract_Hussar,2,Villager_Yttakin,2,1
Empire_Fighter_Cataphract_Starjack,1,Grenadier_Destructive_Starjack,2,1
Empire_Fighter_Janissary_Hussar,3,Grenadier_Destructive_XylTitan,2,1
Grenadier_Destructive_Baseliner,2,Tribal_Penitent_Waster,2,1
Empire_Fighter_Cataphract_Pigskin,2,Mercenary_Slasher_Dirtmole,2,1
Scavenger_XylTrog,2,Mercenary_Slasher_XylTrog,3,-1
Town_Guard_XylBossaps,16,Tribal_Penitent_XylSuccuboid,18,1
Villager_XylChyrrFixed,9,Mercenary_Sniper_XylDvergr,8,-1
Villager_XylChyrrFixed,3,Mercenary_Sniper_Yttakin,2,-1
Grenadier_Destructive_Hussar,15,Mercenary_Slasher_Sanguophage,23,-1
Empire_Fighter_Cataphract_Baseliner,11,Empire_Fighter_Janissary_Baseliner,9,1
Scavenger_Waster,6,Mercenary_Gunner_XylBossaps,5,-1
Empire_Fighter_Janissary_Pigskin,18,Tribal_Penitent_Dirtmole,10,1
Empire_Fighter_Cataphract_XylChyrrFixed,8,Empire_Fighter_Janissary_XylTrog,9,1
Empire_Fighter_Cataphract_XylBossaps,8,Grenadier_Destructive_Sanguophage,18,-1
Empire_Fighter_Cataphract_XylTrog,9,Grenadier_Destructive_Hussar,16,1
Grenadier_Destructive_XylBossaps,6,Tribal_Berserker_XylTrog,4,1
Mercenary_Slasher_XylChyrrFixed,1,Mercenary_Slasher_Yttakin,1,-1
Tribal_Archer_XylBossaps,1,Villager_XylGaunt,1,-1
Scavenger_Neanderthal,5,Tribal_Berserker_Hussar,3,1
Villager_Waster,20,Tribal_Berserker_XylWarcat,19,-1
Tribal_Berserker_Neanderthal,1,Villager_Genie,1,1
Empire_Fighter_Cataphract_Baseliner,8,Mercenary_Slasher_XylNixie,19,-1
Tribal_Berserker_Yttakin,2,Town_Guard_Baseliner,2,1
Tribal_Archer_Genie,15,Tribal_Archer_Dirtmole,8,-1
Empire_Fighter_Janissary_XylWarcat,4,Mercenary_Sniper_XylSuccuboid,8,-1
Mercenary_Sniper_Waster,5,Grenadier_Destructive_Highmate,3,1
Scavenger_Sanguophage,14,Grenadier_Destructive_Waster,9,1
Empire_Fighter_Cataphract_Starjack,2,Scavenger_XylChyrrFixed,1,1
Town_Guard_XylNixie,7,Tribal_Archer_Genie,16,1
Mercenary_Slasher_Pigskin,9,Tribal_Berserker_Yttakin,5,1
Scavenger_Waster,5,Villager_Pigskin,5,-1
Tribal_Berserker_XylWarcat,13,Tribal_Archer_XylDvergr,14,1
Villager_Genie,8,Mercenary_Gunner_XylChyrrFixed,5,-1
Empire_Fighter_Janissary_Yttakin,23,Tribal_Penitent_Dirtmole,13,1
Grenadier_Destructive_Impid,13,Villager_Sanguophage,13,-1
Tribal_Berserker_XylTrog,8,Mercenary_Sniper_Waster,20,-1
Tribal_Berserker_Neanderthal,2,Villager_Neanderthal,1,1
Scavenger_Genie,6,Town_Guard_XylSuccuboid,4,1
Empire_Fighter_Cataphract_Dirtmole,4,Scavenger_Pigskin,5,1
Grenadier_Destructive_Hussar,6,Tribal_Archer_Dirtmole,4,1
Tribal_Archer_Sanguophage,8,Empire_Fighter_Janissary_Neanderthal,5,-1
Villager_Yttakin,3,Empire_Fighter_Janissary_XylTrog,4,-1
Mercenary_Sniper_Dirtmole,12,Empire_Fighter_Cataphract_Starjack,8,-1
Empire_Fighter_Janissary_Neanderthal,5,Mercenary_Gunner_XylTrog,4,-1
Villager_Starjack,1,Mercenary_Sniper_Hussar,1,-1
Scavenger_XylDvergr,7,Tribal_Archer_Impid,10,1
Tribal_Berserker_Dirtmole,14,Town_Guard_Dirtmole,20,-1
Villager_Hussar,12,Empire_Fighter_Janissary_Sanguophage,11,-1
Villager_Hussar,1,Town_Guard_Yttakin,2,-1
Empire_Fighter_Cataphract_Hussar,4,Grenadier_Destructive_XylGaunt,5,1
Scavenger_Genie,6,Mercenary_Gunner_Baseliner,6,-1
Mercenary_Sniper_XylWarcat,8,Empire_Fighter_Cataphract_Yttakin,6,-1
Empire_Fighter_Cataphract_XylBossaps,2,Tribal_Penitent_Baseliner,1,1
Mercenary_Sniper_Impid,24,Scavenger_XylNixie,12,1
Mercenary_Slasher_XylGaunt,4,Scavenger_XylGaunt,3,1
Empire_Fighter_Cataphract_Yttakin,11,Tribal_Archer_XylGaunt,11,1
Grenadier_Destructive_Dirtmole,4,Empire_Fighter_Janissary_XylWarcat,4,-1
Empire_Fighter_Cataphract_XylWarcat,3,Empire_Fighter_Cataphract_XylChyrrFixed,3,1
Tribal_Archer_XylChyrrFixed,13,Town_Guard_Impid,8,-1
Tribal_Penitent_XylTitan,1,Empire_Fighter_Janissary_Impid,1,1
Tribal_Archer_Waster,7,Town_Guard_Yttakin,4,-1
Villager_XylTitan,2,Empire_Fighter_Cataphract_XylChyrrFixed,2,-1
Mercenary_Slasher_XylSuccuboid,3,Mercenary_Gunner_Dirtmole,2,1
Town_Guard_Starjack,3,Scavenger_XylWarcat,3,-1
Tribal_Archer_XylBossaps,3,Scavenger_XylTitan,3,-1
Mercenary_Slasher_Dirtmole,4,Scavenger_XylTrog,2,1
Mercenary_Slasher_XylWarcat,1,Tribal_Archer_XylTrog,3,-1
Tribal_Archer_Pigskin,6,Empire_Fighter_Janissary_XylGaunt,7,-1
Empire_Fighter_Cataphract_Pigskin,3,Town_Guard_XylGaunt,4,1
Tribal_Penitent_Yttakin,3,Tribal_Archer_Sanguophage,6,-1
Town_Guard_Sanguophage,3,Tribal_Archer_Neanderthal,4,1
Empire_Fighter_Cataphract_XylTitan,5,Town_Guard_XylBossaps,7,1
Tribal_Penitent_Highmate,5,Tribal_Archer_Neanderthal,7,-1
Empire_Fighter_Cataphract_Waster,4,Empire_Fighter_Cataphract_Impid,4,-1
Tribal_Archer_Baseliner,3,Mercenary_Slasher_XylNixie,7,-1
Empire_Fighter_Cataphract_XylSuccuboid,7,Empire_Fighter_Janissary_XylDvergr,14,-1
Empire_Fighter_Cataphract_XylChyrrFixed,5,Tribal_Berserker_XylBossaps,3,1
Tribal_Penitent_XylGaunt,3,Tribal_Berserker_Yttakin,4,-1
Scavenger_Dirtmole,7,Scavenger_XylGaunt,7,-1
Town_Guard_XylTitan,1,Tribal_Archer_XylTitan,2,1
Tribal_Berserker_Starjack,4,Tribal_Berserker_XylSuccuboid,3,-1
Mercenary_Sniper_XylGaunt,1,Empire_Fighter_Cataphract_XylWarcat,1,-1
Mercenary_Sniper_XylWarcat,18,Town_Guard_Hussar,13,1
Mercenary_Gunner_XylChyrrFixed,8,Tribal_Berserker_Sanguophage,10,-1
Empire_Fighter_Janissary_XylNixie,2,Empire_Fighter_Cataphract_XylWarcat,1,1
Mercenary_Slasher_Baseliner,1,Empire_Fighter_Cataphract_XylTrog,1,1
Empire_Fighter_Janissary_Neanderthal,3,Empire_Fighter_Janissary_Baseliner,3,1
Villager_Neanderthal,6,Tribal_Archer_XylBossaps,9,-1
Mercenary_Sniper_XylChyrrFixed,3,Empire_Fighter_Janissary_XylDvergr,3,-1
Villager_XylGaunt,10,Empire_Fighter_Janissary_Baseliner,11,-1
Empire_Fighter_Cataphract_Genie,9,Mercenary_Gunner_XylBossaps,6,-1
Grenadier_Destructive_Genie,6,Tribal_Penitent_Neanderthal,2,1
Mercenary_Gunner_XylWarcat,21,Tribal_Penitent_XylTitan,15,1
Villager_Highmate,4,Tribal_Archer_Neanderthal,6,-1
Scavenger_Pigskin,1,Empire_Fighter_Cataphract_Hussar,1,-1
Tribal_Berserker_Baseliner,1,Empire_Fighter_Janissary_Baseliner,2,-1
Mercenary_Sniper_XylDvergr,7,Tribal_Penitent_XylNixie,12,-1
Empire_Fighter_Janissary_Starjack,1,Mercenary_Sniper_Waster,1,1
Scavenger_XylNixie,12,Mercenary_Sniper_Impid,16,-1
Mercenary_Gunner_Impid,9,Grenadier_Destructive_Baseliner,7,1
Tribal_Berserker_XylGaunt,2,Town_Guard_Yttakin,3,1
Tribal_Berserker_Pigskin,1,Villager_Pigskin,1,1
Mercenary_Slasher_XylChyrrFixed,29,Tribal_Penitent_XylBossaps,10,1
Villager_Highmate,17,Empire_Fighter_Cataphract_Impid,16,-1
Villager_XylTrog,1,Grenadier_Destructive_Genie,3,1
Tribal_Berserker_XylGaunt,4,Empire_Fighter_Cataphract_Neanderthal,5,-1
Tribal_Archer_XylGaunt,4,Empire_Fighter_Janissary_Dirtmole,3,1
Tribal_Penitent_XylChyrrFixed,1,Villager_XylNixie,2,-1
Empire_Fighter_Cataphract_XylSuccuboid,2,Grenadier_Destructive_XylTitan,3,1
Scavenger_XylTitan,2,Scavenger_Hussar,1,1
Town_Guard_Pigskin,2,Town_Guard_XylChyrrFixed,3,-1
Tribal_Berserker_XylNixie,19,Scavenger_XylNixie,15,-1
Scavenger_XylTitan,4,Tribal_Berserker_Waster,4,1
Scavenger_XylChyrrFixed,5,Tribal_Archer_XylNixie,6,-1
Empire_Fighter_Janissary_XylSuccuboid,7,Empire_Fighter_Cataphract_Yttakin,7,-1
Empire_Fighter_Janissary_XylGaunt,2,Tribal_Archer_XylTrog,3,1
Tribal_Berserker_Genie,16,Empire_Fighter_Janissary_Impid,8,-1
Mercenary_Gunner_XylNixie,6,Scavenger_Highmate,4,1
Empire_Fighter_Janissary_XylDvergr,3,Tribal_Berserker_XylBossaps,3,1
Empire_Fighter_Janissary_XylTrog,1,Scavenger_XylGaunt,2,-1
Empire_Fighter_Janissary_Impid,4,Mercenary_Sniper_Hussar,3,1
Empire_Fighter_Cataphract_Sanguophage,1,Empire_Fighter_Janissary_Yttakin,2,1
Mercenary_Gunner_Genie,21,Empire_Fighter_Cataphract_Waster,15,-1
Scavenger_Hussar,1,Mercenary_Sniper_XylTitan,2,-1
Mercenary_Sniper_XylTrog,2,Mercenary_Slasher_XylGaunt,3,-1
Tribal_Penitent_Pigskin,8,Empire_Fighter_Cataphract_XylGaunt2,10,-1
Town_Guard_XylSuccuboid,5,Mercenary_Gunner_XylDvergr,6,-1
Empire_Fighter_Cataphract_Starjack,8,Tribal_Archer_Starjack,8,1
Mercenary_Slasher_XylDvergr,11,Tribal_Berserker_XylDvergr,8,1
Tribal_Berserker_Sanguophage,2,Empire_Fighter_Janissary_XylNixie,2,-1
Empire_Fighter_Cataphract_XylSuccuboid,7,Scavenger_XylBossaps,6,1
Empire_Fighter_Cataphract_XylGaunt2,11,Scavenger_Neanderthal,14,1
Tribal_Penitent_Pigskin,3,Villager_Dirtmole,2,1
Mercenary_Sniper_Pigskin,4,Villager_XylGaunt2,4,-1
Tribal_Archer_XylGaunt2,6,Mercenary_Slasher_Hussar,5,1
Scavenger_XylWarcat,2,Empire_Fighter_Janissary_Hussar,2,-1
Tribal_Archer_XylBossaps,6,Mercenary_Sniper_XylDvergr,7,-1
Scavenger_Neanderthal,3,Town_Guard_XylChyrrFixed,2,1
Tribal_Archer_Hussar,6,Scavenger_XylGaunt2,7,-1
Grenadier_Destructive_Pigskin,1,Empire_Fighter_Cataphract_Baseliner,1,-1
Tribal_Penitent_XylSuccuboid,1,Mercenary_Gunner_Baseliner,1,-1
Villager_Highmate,2,Empire_Fighter_Cataphract_Dirtmole,1,-1
Tribal_Archer_XylBossaps,22,Villager_XylTitan,18,1
Scavenger_XylNixie,11,Villager_Starjack,14,-1
Mercenary_Gunner_XylChyrrFixed,9,Grenadier_Destructive_Starjack,18,-1
Town_Guard_Waster,4,Grenadier_Destructive_XylChyrrFixed,8,-1
Tribal_Berserker_XylSuccuboid,3,Empire_Fighter_Janissary_XylWarcat,3,-1
Empire_Fighter_Cataphract_Baseliner,3,Mercenary_Sniper_Neanderthal,5,1
Empire_Fighter_Cataphract_XylWarcat,2,Mercenary_Sniper_XylTitan,2,1
Grenadier_Destructive_Waster,5,Scavenger_Neanderthal,4,1
Mercenary_Gunner_Starjack,20,Empire_Fighter_Cataphract_Hussar,11,-1
Tribal_Berserker_Hussar,3,Empire_Fighter_Janissary_Pigskin,4,-1
Empire_Fighter_Cataphract_Pigskin,1,Mercenary_Slasher_Starjack,4,1
Grenadier_Destructive_XylSuccuboid,16,Empire_Fighter_Cataphract_Starjack,9,-1
Empire_Fighter_Cataphract_Sanguophage,1,Empire_Fighter_Janissary_XylWarcat,1,0
Town_Guard_XylNixie,12,Empire_Fighter_Cataphract_Hussar,8,-1
Mercenary_Slasher_XylTrog,1,Scavenger_Hussar,1,1
Tribal_Berserker_Hussar,2,Grenadier_Destructive_Yttakin,3,-1
Tribal_Berserker_XylGaunt2,2,Mercenary_Slasher_XylSuccuboid,1,1
Empire_Fighter_Cataphract_XylSuccuboid,1,Mercenary_Sniper_Neanderthal,3,-1
Scavenger_XylSuccuboid,14,Tribal_Penitent_Waster,13,1
Empire_Fighter_Cataphract_XylTitan,1,Town_Guard_XylTitan,2,1
Empire_Fighter_Cataphract_XylWarcat,4,Villager_Genie,9,1
Town_Guard_XylDvergr,21,Tribal_Berserker_Baseliner,15,1
Scavenger_Pigskin,11,Town_Guard_Impid,8,1
Tribal_Archer_Waster,10,Mercenary_Gunner_XylChyrrFixed,5,1
Empire_Fighter_Cataphract_Dirtmole,1,Town_Guard_Impid,2,1
Tribal_Berserker_Genie,2,Empire_Fighter_Cataphract_XylChyrrFixed,1,-1
Tribal_Penitent_XylTitan,2,Tribal_Berserker_XylTitan,2,-1
Tribal_Berserker_XylChyrrFixed,2,Tribal_Archer_Starjack,2,1
Villager_Hussar,5,Tribal_Berserker_Impid,3,1
Villager_XylTrog,2,Mercenary_Gunner_Pigskin,2,-1
Empire_Fighter_Cataphract_XylTrog,1,Town_Guard_Baseliner,1,-1
Empire_Fighter_Janissary_XylTitan,7,Villager_XylChyrrFixed,25,-1
Tribal_Penitent_XylSuccuboid,4,Empire_Fighter_Janissary_Starjack,2,1
Grenadier_Destructive_XylNixie,2,Tribal_Berserker_Yttakin,1,-1
Villager_XylWarcat,16,Town_Guard_XylTitan,24,-1
Mercenary_Sniper_XylTrog,9,Town_Guard_XylGaunt2,11,-1
Empire_Fighter_Cataphract_XylGaunt2,1,Grenadier_Destructive_Dirtmole,3,1
Mercenary_Sniper_Waster,5,Mercenary_Slasher_Yttakin,4,-1
Tribal_Penitent_Genie,15,Scavenger_XylGaunt2,6,-1
Scavenger_XylTrog,5,Empire_Fighter_Janissary_XylSuccuboid,3,-1
Scavenger_XylDvergr,11,Empire_Fighter_Janissary_XylTitan,8,-1
Mercenary_Sniper_Impid,5,Mercenary_Slasher_XylChyrrFixed,4,-1
Tribal_Berserker_XylSuccuboid,3,Mercenary_Sniper_XylDvergr,4,-1
Grenadier_Destructive_Sanguophage,2,Tribal_Berserker_Genie,2,1
Grenadier_Destructive_Pigskin,7,Empire_Fighter_Janissary_Impid,8,1
Tribal_Berserker_XylBossaps,4,Mercenary_Sniper_Neanderthal,8,-1
Tribal_Berserker_Genie,12,Grenadier_Destructive_XylTrog,5,-1
Grenadier_Destructive_XylBossaps,6,Tribal_Penitent_Impid,7,1
Empire_Fighter_Janissary_XylChyrrFixed,3,Scavenger_Yttakin,1,1
Scavenger_Yttakin,6,Mercenary_Slasher_XylTrog,6,-1
Mercenary_Slasher_Hussar,8,Mercenary_Slasher_Yttakin,8,-1
Grenadier_Destructive_Highmate,1,Town_Guard_Waster,1,1
Empire_Fighter_Cataphract_Neanderthal,10,Mercenary_Gunner_XylWarcat,12,1
Empire_Fighter_Janissary_Sanguophage,8,Tribal_Berserker_Baseliner,9,1
Mercenary_Sniper_XylGaunt2,7,Mercenary_Gunner_XylGaunt2,7,-1
Grenadier_Destructive_XylDvergr,9,Town_Guard_Neanderthal,9,-1
Scavenger_Neanderthal,7,Empire_Fighter_Janissary_Impid,4,-1
Mercenary_Slasher_Baseliner,1,Tribal_Archer_Sanguophage,3,-1
Tribal_Archer_XylTrog,3,Empire_Fighter_Janissary_XylChyrrFixed,5,-1
Mercenary_Slasher_XylTitan,3,Mercenary_Sniper_XylGaunt2,1,1
Empire_Fighter_Cataphract_XylBossaps,2,Tribal_Berserker_XylWarcat,2,-1
Tribal_Archer_Pigskin,3,Empire_Fighter_Cataphract_XylNixie,3,-1
Mercenary_Gunner_XylTitan,10,Grenadier_Destructive_XylWarcat,15,-1
Grenadier_Destructive_Pigskin,14,Empire_Fighter_Janissary_Neanderthal,13,-1
Empire_Fighter_Cataphract_XylChyrrFixed,2,Mercenary_Gunner_Pigskin,1,1
Mercenary_Slasher_Genie,11,Empire_Fighter_Janissary_Impid,5,1
Town_Guard_Impid,3,Empire_Fighter_Janissary_XylChyrrFixed,2,-1
Tribal_Penitent_XylNixie,11,Mercenary_Slasher_XylBossaps,9,-1
Tribal_Berserker_Hussar,7,Tribal_Penitent_XylChyrrFixed,12,1
Empire_Fighter_Janissary_Neanderthal,5,Tribal_Archer_Waster,8,1
Empire_Fighter_Janissary_Hussar,2,Mercenary_Slasher_Highmate,5,1
Empire_Fighter_Cataphract_XylTrog,4,Tribal_Archer_Pigskin,4,1
Tribal_Penitent_XylNixie,1,Mercenary_Gunner_Genie,1,1
Empire_Fighter_Cataphract_XylWarcat,2,Grenadier_Destructive_XylChyrrFixed,3,1
Town_Guard_Highmate,1,Scavenger_Baseliner,1,-1
Villager_Hussar,21,Empire_Fighter_Cataphract_XylNixie,16,-1
Tribal_Penitent_Waster,5,Tribal_Archer_XylSuccuboid,5,1
Grenadier_Destructive_XylSuccuboid,11,Empire_Fighter_Cataphract_XylWarcat,6,-1
Tribal_Archer_XylBossaps,14,Mercenary_Gunner_XylChyrrFixed,16,-1
Town_Guard_XylBossaps,2,Mercenary_Slasher_XylWarcat,1,1
Empire_Fighter_Cataphract_XylSuccuboid,2,Grenadier_Destructive_XylGaunt2,2,-1
Scavenger_Pigskin,2,Mercenary_Sniper_XylWarcat,1,-1
Empire_Fighter_Janissary_XylTitan,9,Empire_Fighter_Janissary_XylBossaps,9,1
Tribal_Berserker_Yttakin,3,Tribal_Penitent_XylChyrrFixed,7,-1
Mercenary_Slasher_Waster,18,Mercenary_Sniper_Dirtmole,12,1
Scavenger_XylGaunt2,1,Grenadier_Destructive_XylSuccuboid,2,-1
Empire_Fighter_Cataphract_XylDvergr,1,Tribal_Berserker_XylNixie,2,-1
Villager_XylGaunt2,1,Scavenger_Sanguophage,2,-1
Mercenary_Slasher_Dirtmole,3,Town_Guard_Pigskin,3,1
Empire_Fighter_Cataphract_Genie,1,Town_Guard_XylGaunt2,1,1
Mercenary_Sniper_XylGaunt2,2,Empire_Fighter_Janissary_XylGaunt2,1,1
Scavenger_Highmate,10,Mercenary_Slasher_XylTrog,13,-1
Grenadier_Destructive_Neanderthal,6,Tribal_Penitent_XylSuccuboid,5,1
Tribal_Archer_Baseliner,14,Villager_XylDvergr,19,-1
Mercenary_Slasher_XylSuccuboid,6,Tribal_Archer_XylWarcat,4,1
Tribal_Berserker_XylGaunt2,1,Tribal_Berserker_Neanderthal,1,1
Tribal_Penitent_Sanguophage,4,Mercenary_Gunner_Pigskin,3,1
Empire_Fighter_Cataphract_Impid,14,Tribal_Berserker_Yttakin,16,1
Tribal_Berserker_Starjack,3,Town_Guard_Baseliner,3,-1
Grenadier_Destructive_Impid,4,Villager_XylNixie,4,1
Scavenger_Waster,10,Empire_Fighter_Janissary_Neanderthal,7,-1
Grenadier_Destructive_XylTitan,7,Scavenger_Pigskin,7,1
Villager_XylGaunt2,2,Mercenary_Sniper_XylNixie,4,1
Mercenary_Sniper_XylTitan,12,Tribal_Penitent_Sanguophage,13,-1
Empire_Fighter_Cataphract_Sanguophage,5,Tribal_Penitent_Highmate,7,1
Grenadier_Destructive_Neanderthal,18,Scavenger_XylGaunt2,9,1
Mercenary_Slasher_Highmate,12,Scavenger_XylGaunt2,3,1
Mercenary_Slasher_XylGaunt2,6,Town_Guard_XylTrog,5,1
Mercenary_Sniper_XylChyrrFixed,6,Mercenary_Gunner_XylNixie,4,-1
Tribal_Archer_Baseliner,4,Mercenary_Gunner_XylChyrrFixed,3,-1
Empire_Fighter_Janissary_Waster,16,Tribal_Archer_Starjack,18,1
Tribal_Archer_XylDvergr,5,Empire_Fighter_Janissary_Yttakin,7,-1
Empire_Fighter_Janissary_Starjack,6,Mercenary_Sniper_Hussar,7,-1
Town_Guard_XylDvergr,1,Mercenary_Gunner_Dirtmole,2,-1
Villager_Waster,11,Tribal_Berserker_Baseliner,12,1
Tribal_Penitent_XylChyrrFixed,1,Grenadier_Destructive_XylWarcat,1,-1
Villager_Highmate,2,Villager_Sanguophage,2,-1
Tribal_Penitent_Dirtmole,3,Scavenger_XylGaunt2,6,-1
Scavenger_Neanderthal,4,Tribal_Berserker_XylNixie,5,1
Tribal_Archer_XylNixie,5,Tribal_Berserker_XylGaunt2,3,-1
Tribal_Penitent_Sanguophage,6,Mercenary_Sniper_XylChyrrFixed,10,1
Mercenary_Sniper_XylNixie,4,Villager_Genie,3,1
Mercenary_Gunner_XylTitan,5,Grenadier_Destructive_Genie,9,1
Villager_XylTitan,3,Empire_Fighter_Cataphract_XylTitan,1,1
Tribal_Berserker_Impid,12,Empire_Fighter_Cataphract_XylNixie,9,-1
Tribal_Penitent_Yttakin,8,Villager_XylDvergr,9,1
Mercenary_Sniper_Yttakin,7,Empire_Fighter_Janissary_Pigskin,5,1
Tribal_Archer_Starjack,13,Empire_Fighter_Janissary_XylWarcat,10,-1
Tribal_Penitent_XylWarcat,7,Villager_XylSuccuboid,12,1
Tribal_Penitent_Starjack,21,Town_Guard_XylBossaps,16,-1
Mercenary_Gunner_XylSuccuboid,5,Empire_Fighter_Cataphract_Impid,4,-1
Mercenary_Gunner_XylTitan,5,Empire_Fighter_Janissary_XylGaunt2,8,-1
Mercenary_Gunner_XylSuccuboid,2,Mercenary_Gunner_XylGaunt2,1,1
Empire_Fighter_Janissary_Hussar,2,Empire_Fighter_Janissary_XylNixie,1,1
Scavenger_Neanderthal,7,Empire_Fighter_Cataphract_Pigskin,4,1
Mercenary_Gunner_Sanguophage,5,Mercenary_Gunner_XylWarcat,4,1
Tribal_Berserker_XylBossaps,3,Mercenary_Sniper_Yttakin,4,1
Villager_XylGaunt2,5,Grenadier_Destructive_Starjack,8,1
Villager_XylTrog,12,Tribal_Penitent_XylBossaps,11,1
Town_Guard_Waster,3,Empire_Fighter_Janissary_XylTrog,3,-1
Mercenary_Slasher_Baseliner,3,Empire_Fighter_Cataphract_XylBossaps,4,-1
Mercenary_Slasher_Highmate,1,Tribal_Berserker_XylGaunt2,1,-1
Mercenary_Gunner_Impid,6,Empire_Fighter_Cataphract_Starjack,5,-1
Empire_Fighter_Janissary_XylTitan,3,Tribal_Archer_Neanderthal,6,1
Mercenary_Sniper_XylNixie,7,Empire_Fighter_Janissary_XylWarcat,4,1
Mercenary_Sniper_XylGaunt2,1,Empire_Fighter_Cataphract_Neanderthal,1,1
Mercenary_Gunner_XylTrog,11,Tribal_Penitent_XylBossaps,10,1
Empire_Fighter_Janissary_Pigskin,9,Empire_Fighter_Janissary_XylTrog,11,-1
Tribal_Berserker_Hussar,2,Empire_Fighter_Cataphract_Waster,1,1
Scavenger_Waster,17,Scavenger_XylDvergr,15,1
Empire_Fighter_Cataphract_Starjack,5,Grenadier_Destructive_XylBossaps,8,1
Mercenary_Slasher_Hussar,6,Scavenger_XylGaunt2,4,1
Empire_Fighter_Janissary_Genie,9,Tribal_Penitent_XylGaunt2,7,-1
Scavenger_Yttakin,4,Villager_XylWarcat,2,1
Grenadier_Destructive_Highmate,2,Villager_Highmate,3,-1
Empire_Fighter_Cataphract_XylTitan,2,Tribal_Archer_Hussar,2,1
Grenadier_Destructive_Sanguophage,4,Mercenary_Slasher_XylWarcat,1,1
Town_Guard_XylTrog,3,Scavenger_XylGaunt2,4,-1
Town_Guard_Starjack,3,Mercenary_Slasher_XylWarcat,4,-1
Mercenary_Gunner_XylNixie,1,Tribal_Archer_Baseliner,2,-1
Scavenger_Baseliner,3,Empire_Fighter_Cataphract_Baseliner,2,-1
Empire_Fighter_Cataphract_XylTitan,12,Mercenary_Slasher_XylGaunt2,14,-1
Mercenary_Sniper_XylGaunt2,3,Empire_Fighter_Cataphract_XylTrog,2,1
Mercenary_Gunner_Baseliner,6,Tribal_Penitent_XylTrog,6,1
Empire_Fighter_Janissary_XylTitan,14,Tribal_Berserker_Waster,23,1
Grenadier_Destructive_Genie,2,Tribal_Archer_XylTitan,1,1
Mercenary_Sniper_Neanderthal,1,Tribal_Archer_XylChyrrFixed,2,1
Empire_Fighter_Cataphract_XylNixie,3,Empire_Fighter_Cataphract_XylTitan,4,-1
Grenadier_Destructive_Hussar,7,Mercenary_Gunner_Sanguophage,6,-1
Tribal_Berserker_Impid,16,Empire_Fighter_Cataphract_Impid,10,-1
Town_Guard_XylNixie,1,Tribal_Penitent_Genie,2,-1
Scavenger_Pigskin,4,Tribal_Penitent_XylSuccuboid,6,-1
Mercenary_Sniper_XylNixie,5,Tribal_Penitent_XylGaunt2,2,1
Town_Guard_XylTrog,2,Grenadier_Destructive_Sanguophage,3,-1
Tribal_Penitent_Pigskin,13,Villager_XylGaunt2,11,-1
Mercenary_Gunner_XylChyrrFixed,1,Grenadier_Destructive_Waster,1,1
Tribal_Berserker_XylSuccuboid,2,Town_Guard_XylNixie,2,1
Tribal_Berserker_XylChyrrFixed,2,Empire_Fighter_Cataphract_Waster,1,1
Mercenary_Gunner_Pigskin,4,Tribal_Archer_XylNixie,5,1
Empire_Fighter_Janissary_XylWarcat,11,Mercenary_Slasher_Genie,21,1
Tribal_Archer_Yttakin,14,Tribal_Archer_Waster,16,1
Town_Guard_XylWarcat,9,Villager_XylGaunt2,8,-1
Mercenary_Slasher_Pigskin,9,Villager_XylChyrrFixed,10,1
Scavenger_XylTrog,4,Tribal_Penitent_Highmate,6,1
Tribal_Berserker_XylTitan,2,Mercenary_Gunner_XylNixie,4,-1
Villager_Starjack,2,Tribal_Penitent_Neanderthal,1,1
Mercenary_Gunner_Genie,2,Mercenary_Slasher_XylChyrrFixed,2,-1
Mercenary_Slasher_Genie,20,Mercenary_Gunner_XylBossaps,7,1
Grenadier_Destructive_XylBossaps,3,Villager_Genie,6,1
Mercenary_Slasher_Impid,18,Mercenary_Gunner_Waster,11,1
Tribal_Archer_XylTitan,7,Empire_Fighter_Janissary_Pigskin,5,-1
Grenadier_Destructive_Dirtmole,1,Grenadier_Destructive_XylTrog,2,0
Empire_Fighter_Janissary_Sanguophage,1,Tribal_Penitent_XylGaunt2,1,-1
Town_Guard_XylSuccuboid,10,Mercenary_Gunner_XylChyrrFixed,7,-1
Mercenary_Sniper_Impid,15,Tribal_Penitent_XylGaunt2,11,-1
Mercenary_Gunner_XylTitan,4,Tribal_Archer_XylTrog,4,1
Empire_Fighter_Janissary_Yttakin,3,Empire_Fighter_Janissary_Hussar,2,1
Scavenger_XylWarcat,2,Mercenary_Slasher_XylSuccuboid,2,1
Mercenary_Gunner_XylWarcat,2,Tribal_Berserker_Neanderthal,1,1
Villager_XylSuccuboid,3,Mercenary_Slasher_XylWarcat,2,-1
Tribal_Penitent_XylGaunt2,2,Villager_Impid,2,1
Villager_XylDvergr,1,Empire_Fighter_Cataphract_XylDvergr,1,-1
Tribal_Berserker_XylTrog,1,Empire_Fighter_Cataphract_Waster,2,-1
Empire_Fighter_Janissary_XylSuccuboid,10,Tribal_Berserker_XylChyrrFixed,12,1
Tribal_Berserker_Hussar,1,Grenadier_Destructive_XylWarcat,2,-1
Tribal_Archer_XylWarcat,2,Mercenary_Sniper_Neanderthal,4,-1
Tribal_Berserker_Neanderthal,3,Empire_Fighter_Janissary_Genie,7,-1
Tribal_Berserker_Starjack,1,Villager_XylSuccuboid,1,-1
Mercenary_Slasher_XylGaunt2,4,Mercenary_Sniper_Yttakin,7,1
Tribal_Berserker_Waster,7,Empire_Fighter_Cataphract_Dirtmole,3,1
Empire_Fighter_Cataphract_Sanguophage,11,Scavenger_Starjack,18,1
Mercenary_Sniper_XylNixie,5,Town_Guard_Waster,6,-1
Town_Guard_XylSuccuboid,15,Empire_Fighter_Janissary_Neanderthal,7,-1
Tribal_Berserker_XylBossaps,10,Empire_Fighter_Cataphract_Sanguophage,8,-1
Empire_Fighter_Cataphract_Impid,8,Mercenary_Slasher_Yttakin,10,-1
Empire_Fighter_Cataphract_Impid,1,Tribal_Berserker_Impid,2,1
Tribal_Penitent_Starjack,1,Grenadier_Destructive_Dirtmole,2,-1
Mercenary_Sniper_XylChyrrFixed,8,Mercenary_Slasher_Impid,8,-1
Town_Guard_XylSuccuboid,15,Empire_Fighter_Janissary_XylNixie,10,-1
Scavenger_Hussar,4,Empire_Fighter_Janissary_XylBossaps,2,-1
Town_Guard_XylWarcat,20,Empire_Fighter_Janissary_Neanderthal,15,-1
Empire_Fighter_Cataphract_XylTrog,6,Villager_Neanderthal,4,1
Mercenary_Slasher_XylChyrrFixed,4,Mercenary_Gunner_Neanderthal,3,-1
Mercenary_Sniper_Neanderthal,25,Empire_Fighter_Cataphract_Starjack,12,1
Mercenary_Slasher_Impid,3,Empire_Fighter_Janissary_XylGaunt2,3,-1
Villager_XylBossaps,1,Town_Guard_XylSuccuboid,4,-1
Mercenary_Gunner_XylChyrrFixed,5,Empire_Fighter_Janissary_XylNixie,5,-1
Scavenger_Highmate,1,Tribal_Penitent_XylChyrrFixed,2,-1
Villager_Neanderthal,5,Tribal_Archer_XylTitan,9,-1
Mercenary_Gunner_Yttakin,3,Tribal_Archer_Dirtmole,6,1
Villager_XylTrog,3,Grenadier_Destructive_Dirtmole,6,-1
Tribal_Penitent_Neanderthal,2,Tribal_Archer_XylSuccuboid,4,1
Tribal_Berserker_Waster,9,Empire_Fighter_Janissary_Dirtmole,6,1
Mercenary_Slasher_Waster,17,Empire_Fighter_Cataphract_Genie,11,1
Grenadier_Destructive_XylGaunt2,6,Tribal_Archer_XylChyrrFixed,17,1
Tribal_Archer_XylNixie,7,Empire_Fighter_Cataphract_XylChyrrFixed,3,-1
Villager_XylSuccuboid,7,Tribal_Archer_Baseliner,7,1
Tribal_Archer_XylChyrrFixed,3,Tribal_Penitent_Waster,2,-1
Empire_Fighter_Cataphract_XylWarcat,1,Mercenary_Sniper_XylSuccuboid,3,1
Tribal_Berserker_XylTitan,2,Tribal_Archer_Starjack,3,1
Tribal_Penitent_Waster,9,Mercenary_Sniper_Sanguophage,15,-1
Tribal_Penitent_Starjack,1,Tribal_Penitent_Pigskin,1,-1
Tribal_Berserker_Waster,6,Empire_Fighter_Cataphract_Pigskin,4,-1
Mercenary_Slasher_Sanguophage,22,Town_Guard_Baseliner,12,1
Mercenary_Sniper_Neanderthal,11,Town_Guard_XylWarcat,10,1
Tribal_Archer_XylGaunt2,6,Town_Guard_Dirtmole,7,1
Empire_Fighter_Janissary_Waster,10,Mercenary_Sniper_Pigskin,19,-1
Tribal_Archer_Impid,24,Tribal_Penitent_XylWarcat,11,-1
Empire_Fighter_Janissary_XylBossaps,3,Tribal_Berserker_Pigskin,5,1
Mercenary_Slasher_Waster,18,Town_Guard_Yttakin,10,1
Tribal_Berserker_Baseliner,1,Tribal_Penitent_XylGaunt2,1,-1
Tribal_Archer_Waster,20,Mercenary_Gunner_Yttakin,10,-1
Tribal_Berserker_XylNixie,3,Empire_Fighter_Janissary_XylWarcat,3,-1
Empire_Fighter_Janissary_XylTrog,10,Scavenger_XylTitan,11,1
Mercenary_Sniper_XylDvergr,1,Tribal_Archer_Genie,4,-1
Mercenary_Gunner_XylGaunt2,5,Tribal_Penitent_XylGaunt2,3,1
Mercenary_Slasher_Neanderthal,5,Empire_Fighter_Cataphract_XylTitan,4,-1
Tribal_Berserker_Dirtmole,17,Grenadier_Destructive_XylGaunt2,14,-1
Mercenary_Slasher_XylSuccuboid,7,Grenadier_Destructive_XylGaunt2,5,-1
Tribal_Penitent_Pigskin,8,Mercenary_Sniper_Waster,18,-1
Villager_Genie,13,Mercenary_Gunner_XylGaunt2,7,-1
Town_Guard_Sanguophage,19,Empire_Fighter_Cataphract_Dirtmole,15,-1
Empire_Fighter_Cataphract_Genie,9,Tribal_Archer_XylSuccuboid,12,1
Empire_Fighter_Cataphract_XylNixie,1,Mercenary_Sniper_Pigskin,2,-1
Tribal_Berserker_XylChyrrFixed,11,Villager_Baseliner,11,-1
Empire_Fighter_Janissary_Dirtmole,2,Scavenger_Waster,1,1
Scavenger_XylNixie,15,Empire_Fighter_Cataphract_XylNixie,10,-1
Villager_Neanderthal,5,Mercenary_Sniper_XylWarcat,3,-1
Tribal_Berserker_XylChyrrFixed,8,Empire_Fighter_Cataphract_XylTrog,6,-1
Tribal_Archer_Sanguophage,2,Scavenger_XylNixie,1,-1
Scavenger_XylWarcat,3,Scavenger_Pigskin,3,1
Tribal_Archer_Dirtmole,2,Mercenary_Gunner_XylWarcat,1,1
Town_Guard_Waster,4,Mercenary_Sniper_XylTrog,3,-1
Mercenary_Slasher_Starjack,5,Villager_Yttakin,2,1
Grenadier_Destructive_Pigskin,2,Town_Guard_Highmate,4,1
Town_Guard_XylSuccuboid,3,Empire_Fighter_Cataphract_XylBossaps,1,1
Empire_Fighter_Janissary_XylGaunt2,23,Mercenary_Slasher_XylGaunt2,17,-1
Scavenger_XylTitan,14,Grenadier_Destructive_Pigskin,13,1
Scavenger_Starjack,18,Villager_Highmate,15,1
Empire_Fighter_Cataphract_Pigskin,8,Empire_Fighter_Cataphract_XylChyrrFixed,8,1
Villager_Genie,23,Mercenary_Gunner_XylWarcat,14,-1
Mercenary_Slasher_XylNixie,4,Tribal_Archer_XylNixie,4,1
Mercenary_Sniper_Genie,2,Scavenger_XylGaunt2,1,1
Empire_Fighter_Janissary_Neanderthal,1,Empire_Fighter_Cataphract_XylNixie,2,-1
Grenadier_Destructive_Yttakin,2,Empire_Fighter_Cataphract_XylChyrrFixed,2,1
Grenadier_Destructive_XylGaunt2,7,Town_Guard_Yttakin,10,-1
Mercenary_Gunner_XylTrog,2,Empire_Fighter_Janissary_Pigskin,3,1
Tribal_Berserker_Waster,9,Empire_Fighter_Janissary_Genie,12,-1
Empire_Fighter_Cataphract_XylNixie,4,Town_Guard_XylBossaps,5,1
Empire_Fighter_Janissary_Hussar,8,Empire_Fighter_Cataphract_Waster,12,-1
Mercenary_Slasher_Dirtmole,15,Tribal_Penitent_XylTitan,11,1
Town_Guard_Neanderthal,5,Scavenger_XylSuccuboid,6,-1
Empire_Fighter_Cataphract_Neanderthal,2,Mercenary_Sniper_XylDvergr,4,-1
Mercenary_Gunner_Sanguophage,5,Mercenary_Slasher_XylChyrrFixed,6,1
Town_Guard_XylTitan,7,Mercenary_Gunner_XylTitan,5,-1
Empire_Fighter_Janissary_Yttakin,13,Mercenary_Sniper_XylWarcat,11,1
Tribal_Berserker_Starjack,11,Empire_Fighter_Janissary_Hussar,6,-1
Tribal_Archer_Waster,11,Tribal_Berserker_XylSuccuboid,5,1
Mercenary_Gunner_XylTitan,2,Tribal_Penitent_XylNixie,3,1
Town_Guard_XylGaunt2,6,Town_Guard_Hussar,5,1
Town_Guard_Baseliner,5,Tribal_Archer_XylWarcat,6,1
Tribal_Penitent_Highmate,4,Tribal_Berserker_Pigskin,2,-1
Villager_Pigskin,12,Scavenger_XylTrog,16,-1
Tribal_Berserker_XylChyrrFixed,9,Tribal_Penitent_Yttakin,7,-1
Empire_Fighter_Cataphract_Waster,16,Mercenary_Slasher_Neanderthal,22,-1
Mercenary_Slasher_Highmate,8,Empire_Fighter_Janissary_Baseliner,3,1
Tribal_Berserker_Dirtmole,12,Tribal_Penitent_Baseliner,11,1
Empire_Fighter_Janissary_Starjack,4,Town_Guard_XylWarcat,2,1
Scavenger_XylTrog,6,Mercenary_Sniper_Neanderthal,5,-1
Mercenary_Slasher_Neanderthal,20,Scavenger_Starjack,17,1
Tribal_Archer_Pigskin,2,Tribal_Berserker_XylNixie,1,1
Villager_XylTitan,2,Tribal_Archer_XylGaunt2,1,1
Grenadier_Destructive_Starjack,4,Town_Guard_Dirtmole,3,-1
Town_Guard_Highmate,25,Town_Guard_XylDvergr,12,1
Villager_XylGaunt2,4,Grenadier_Destructive_Yttakin,4,1
Empire_Fighter_Cataphract_Genie,20,Empire_Fighter_Janissary_Hussar,15,-1
Mercenary_Slasher_Baseliner,2,Mercenary_Gunner_XylNixie,2,1
Empire_Fighter_Cataphract_XylChyrrFixed,17,Scavenger_Dirtmole,19,1
Villager_Pigskin,14,Town_Guard_Dirtmole,17,-1
Mercenary_Gunner_XylChyrrFixed,1,Mercenary_Gunner_XylBossaps,1,-1
Villager_XylGaunt2,2,Scavenger_Sanguophage,4,-1
Tribal_Archer_Genie,1,Mercenary_Sniper_XylWarcat,1,-1
Tribal_Penitent_Starjack,15,Empire_Fighter_Cataphract_XylDvergr,9,-1
Tribal_Archer_Pigskin,15,Tribal_Berserker_XylBossaps,10,1
Mercenary_Gunner_Pigskin,2,Mercenary_Slasher_XylDvergr,2,-1
Scavenger_XylChyrrFixed,28,Mercenary_Gunner_XylGaunt2,12,-1
Mercenary_Gunner_XylNixie,1,Tribal_Berserker_Starjack,1,-1
Mercenary_Slasher_Yttakin,2,Mercenary_Gunner_XylTrog,1,1
Villager_Pigskin,1,Town_Guard_Hussar,2,-1
Villager_Dirtmole,1,Mercenary_Gunner_Baseliner,1,-1
Empire_Fighter_Cataphract_Dirtmole,3,Grenadier_Destructive_XylChyrrFixed,7,-1
Town_Guard_XylGaunt2,8,Empire_Fighter_Cataphract_XylSuccuboid,10,-1
Mercenary_Gunner_Genie,19,Villager_Sanguophage,11,1
Mercenary_Sniper_XylDvergr,9,Tribal_Berserker_Hussar,9,-1
Villager_Impid,2,Empire_Fighter_Cataphract_XylDvergr,1,1
Empire_Fighter_Janissary_Waster,8,Villager_Dirtmole,6,1
Grenadier_Destructive_XylTrog,7,Mercenary_Sniper_Baseliner,10,-1
Mercenary_Sniper_XylWarcat,14,Tribal_Penitent_XylTrog,14,1
Mercenary_Slasher_XylChyrrFixed,10,Tribal_Berserker_XylTrog,6,-1
Town_Guard_Neanderthal,5,Town_Guard_XylChyrrFixed,7,1
Mercenary_Slasher_XylTitan,3,Mercenary_Sniper_XylDvergr,2,1
Town_Guard_Dirtmole,5,Mercenary_Gunner_XylNixie,4,1
Town_Guard_Genie,7,Scavenger_Highmate,5,1
Tribal_Penitent_Starjack,19,Mercenary_Slasher_Hussar,13,-1
Tribal_Archer_XylChyrrFixed,18,Villager_Neanderthal,6,1
Tribal_Archer_Dirtmole,2,Villager_XylGaunt2,2,-1
Town_Guard_XylChyrrFixed,10,Scavenger_XylSuccuboid,7,1
Empire_Fighter_Cataphract_XylWarcat,1,Tribal_Berserker_XylGaunt2,2,-1
Town_Guard_Yttakin,1,Mercenary_Gunner_Dirtmole,1,-1
Scavenger_Sanguophage,2,Tribal_Penitent_Hussar,2,-1
Empire_Fighter_Janissary_XylTrog,2,Grenadier_Destructive_Highmate,5,1
Empire_Fighter_Cataphract_Impid,1,Mercenary_Sniper_Waster,5,-1
Mercenary_Gunner_Yttakin,1,Scavenger_Hussar,2,-1
Tribal_Penitent_Neanderthal,7,Villager_XylNixie,18,-1
Mercenary_Sniper_Neanderthal,12,Empire_Fighter_Cataphract_Neanderthal,14,-1
Mercenary_Sniper_XylTitan,2,Villager_Starjack,3,1
Scavenger_Sanguophage,17,Mercenary_Sniper_XylGaunt2,12,-1
Tribal_Berserker_XylDvergr,15,Grenadier_Destructive_XylDvergr,16,-1
Mercenary_Sniper_XylTitan,3,Empire_Fighter_Cataphract_XylTitan,1,-1
Tribal_Penitent_XylDvergr,7,Mercenary_Slasher_XylSuccuboid,10,-1
Villager_XylWarcat,15,Mercenary_Sniper_Genie,22,1
Tribal_Archer_XylChyrrFixed,8,Mercenary_Gunner_XylDvergr,2,-1
Mercenary_Gunner_XylGaunt2,9,Empire_Fighter_Cataphract_Baseliner,9,1
Grenadier_Destructive_Pigskin,3,Tribal_Berserker_Pigskin,4,-1
Tribal_Archer_XylNixie,17,Tribal_Berserker_XylDvergr,11,-1
Mercenary_Sniper_Pigskin,18,Tribal_Penitent_Baseliner,14,1
Mercenary_Sniper_Genie,5,Mercenary_Gunner_Yttakin,2,-1
Tribal_Archer_XylWarcat,15,Town_Guard_Waster,18,-1
Tribal_Penitent_Hussar,10,Mercenary_Slasher_XylSuccuboid,14,-1
Tribal_Berserker_Sanguophage,4,Empire_Fighter_Cataphract_Baseliner,3,1
Empire_Fighter_Janissary_XylSuccuboid,7,Tribal_Penitent_Waster,11,1
Mercenary_Sniper_Pigskin,1,Grenadier_Destructive_Pigskin,1,1
Empire_Fighter_Janissary_Starjack,15,Mercenary_Gunner_Neanderthal,12,1
Tribal_Penitent_XylNixie,2,Tribal_Berserker_Waster,1,1
Empire_Fighter_Cataphract_Impid,4,Empire_Fighter_Janissary_Baseliner,5,1
Empire_Fighter_Janissary_Hussar,2,Empire_Fighter_Cataphract_XylTrog,1,1
Scavenger_XylDvergr,1,Tribal_Penitent_XylWarcat,2,-1
Scavenger_Sanguophage,2,Tribal_Berserker_Neanderthal,1,1
Tribal_Berserker_XylNixie,19,Empire_Fighter_Janissary_Neanderthal,7,-1
Mercenary_Sniper_Pigskin,10,Tribal_Berserker_XylWarcat,7,-1
Mercenary_Slasher_Neanderthal,5,Town_Guard_XylNixie,5,1
Town_Guard_XylChyrrFixed,19,Empire_Fighter_Janissary_Hussar,12,-1
Villager_Hussar,9,Mercenary_Slasher_Sanguophage,12,-1
Grenadier_Destructive_Baseliner,2,Scavenger_XylNixie,1,1
Scavenger_Baseliner,13,Tribal_Archer_Yttakin,9,1
Mercenary_Gunner_XylGaunt2,3,Town_Guard_Genie,6,1
Grenadier_Destructive_Sanguophage,3,Mercenary_Gunner_Yttakin,2,-1
Empire_Fighter_Janissary_Sanguophage,5,Villager_XylBossaps,6,1
Town_Guard_Waster,11,Mercenary_Sniper_XylBossaps,8,-1
Tribal_Penitent_Impid,3,Scavenger_Genie,3,1
Tribal_Penitent_Pigskin,7,Empire_Fighter_Cataphract_Impid,7,-1
Tribal_Penitent_Genie,6,Mercenary_Gunner_Sanguophage,3,-1
Tribal_Berserker_Hussar,4,Mercenary_Sniper_XylTrog,5,1
Grenadier_Destructive_XylTrog,15,Town_Guard_Sanguophage,14,1
Empire_Fighter_Cataphract_Starjack,8,Grenadier_Destructive_Starjack,22,-1
Villager_Dirtmole,1,Mercenary_Slasher_Sanguophage,1,1
Scavenger_Pigskin,8,Tribal_Archer_XylGaunt2,5,-1
Scavenger_XylChyrrFixed,13,Empire_Fighter_Janissary_Genie,6,1
Empire_Fighter_Janissary_Neanderthal,5,Scavenger_Highmate,8,1
Mercenary_Sniper_XylWarcat,13,Scavenger_XylWarcat,14,1
Empire_Fighter_Cataphract_Pigskin,1,Tribal_Berserker_Genie,4,-1
Mercenary_Sniper_Waster,21,Tribal_Penitent_Baseliner,15,1
Grenadier_Destructive_Dirtmole,2,Tribal_Archer_Genie,4,-1
Mercenary_Gunner_Hussar,3,Scavenger_XylWarcat,2,1
Tribal_Berserker_Hussar,4,Mercenary_Gunner_Waster,6,-1
Mercenary_Slasher_Sanguophage,1,Villager_Pigskin,1,-1
Empire_Fighter_Cataphract_XylGaunt2,1,Grenadier_Destructive_Waster,4,1
Tribal_Penitent_XylChyrrFixed,2,Scavenger_XylSuccuboid,1,1
Villager_Baseliner,11,Town_Guard_Hussar,11,-1
Town_Guard_Baseliner,5,Mercenary_Gunner_Pigskin,4,-1
Villager_XylTrog,2,Mercenary_Gunner_Baseliner,3,-1
Mercenary_Slasher_Impid,2,Scavenger_XylWarcat,2,-1
Tribal_Berserker_XylTitan,18,Mercenary_Sniper_XylTrog,17,-1
Mercenary_Gunner_Baseliner,10,Grenadier_Destructive_Baseliner,10,-1
Empire_Fighter_Janissary_XylChyrrFixed,7,Mercenary_Slasher_Dirtmole,11,-1
Empire_Fighter_Janissary_Hussar,11,Empire_Fighter_Cataphract_XylChyrrFixed,12,-1
Empire_Fighter_Janissary_XylNixie,9,Empire_Fighter_Cataphract_Neanderthal,12,-1
Empire_Fighter_Janissary_Sanguophage,1,Mercenary_Gunner_Hussar,2,-1
Town_Guard_XylBossaps,3,Villager_Impid,4,1
Mercenary_Gunner_XylBossaps,8,Mercenary_Gunner_XylWarcat,13,-1
Scavenger_Impid,1,Mercenary_Slasher_XylGaunt2,2,-1
Empire_Fighter_Cataphract_XylBossaps,10,Scavenger_Genie,9,1
Empire_Fighter_Janissary_Pigskin,12,Scavenger_Highmate,10,1
Town_Guard_XylTrog,2,Tribal_Penitent_XylChyrrFixed,2,1
Mercenary_Gunner_XylNixie,11,Grenadier_Destructive_XylWarcat,9,-1
Mercenary_Slasher_XylSuccuboid,5,Tribal_Penitent_Genie,9,-1
Tribal_Berserker_Hussar,3,Tribal_Penitent_XylChyrrFixed,5,1
Empire_Fighter_Cataphract_Pigskin,3,Mercenary_Gunner_XylTrog,2,1
Mercenary_Gunner_Hussar,14,Scavenger_XylTrog,19,1
Tribal_Archer_Hussar,2,Mercenary_Slasher_XylBossaps,3,-1
Villager_XylTrog,5,Empire_Fighter_Cataphract_XylWarcat,4,-1
Tribal_Berserker_XylWarcat,1,Empire_Fighter_Cataphract_Baseliner,1,1
Empire_Fighter_Janissary_XylWarcat,2,Villager_Neanderthal,2,1
Town_Guard_Genie,4,Tribal_Berserker_XylTrog,2,-1
Mercenary_Sniper_Sanguophage,3,Town_Guard_Dirtmole,3,1
Mercenary_Slasher_Sanguophage,13,Grenadier_Destructive_Impid,9,1
Mercenary_Slasher_XylSuccuboid,6,Tribal_Berserker_Neanderthal,6,-1
Empire_Fighter_Cataphract_XylTrog,1,Scavenger_Yttakin,2,1
Grenadier_Destructive_Baseliner,8,Empire_Fighter_Cataphract_Hussar,5,-1
Empire_Fighter_Cataphract_Sanguophage,2,Tribal_Penitent_XylTitan,4,-1
Villager_XylTrog,1,Tribal_Archer_XylNixie,4,-1
Mercenary_Sniper_XylBossaps,4,Grenadier_Destructive_XylWarcat,3,-1
Tribal_Berserker_XylTrog,8,Mercenary_Sniper_XylChyrrFixed,14,-1
Mercenary_Gunner_Baseliner,10,Mercenary_Gunner_Neanderthal,9,-1
Empire_Fighter_Janissary_XylDvergr,3,Tribal_Berserker_Yttakin,2,1
Tribal_Penitent_XylGaunt2,5,Empire_Fighter_Cataphract_Yttakin,4,1
Tribal_Archer_XylTrog,4,Grenadier_Destructive_XylSuccuboid,5,-1
Empire_Fighter_Janissary_Sanguophage,5,Tribal_Penitent_Yttakin,5,1
Empire_Fighter_Cataphract_Yttakin,1,Villager_Baseliner,1,1
Mercenary_Slasher_Yttakin,1,Mercenary_Slasher_Genie,2,-1
Town_Guard_Hussar,2,Scavenger_XylGaunt2,1,-1
Empire_Fighter_Cataphract_Impid,9,Tribal_Archer_XylNixie,23,1
Mercenary_Sniper_XylBossaps,2,Empire_Fighter_Janissary_XylTitan,1,-1
Mercenary_Slasher_Yttakin,4,Mercenary_Gunner_Hussar,3,1
Town_Guard_XylChyrrFixed,2,Empire_Fighter_Janissary_Impid,2,-1
Empire_Fighter_Janissary_Dirtmole,12,Tribal_Archer_Starjack,19,1
Empire_Fighter_Janissary_Yttakin,3,Empire_Fighter_Janissary_Starjack,3,-1
Empire_Fighter_Cataphract_Genie,6,Villager_XylTrog,5,1
Empire_Fighter_Cataphract_XylGaunt2,5,Scavenger_XylGaunt2,10,1
Empire_Fighter_Janissary_XylTitan,4,Empire_Fighter_Janissary_Impid,6,-1
Mercenary_Gunner_XylTitan,2,Tribal_Penitent_Highmate,3,1
Tribal_Penitent_Highmate,4,Town_Guard_XylGaunt2,3,-1
Empire_Fighter_Janissary_Pigskin,2,Scavenger_Starjack,4,-1
Empire_Fighter_Janissary_Sanguophage,4,Scavenger_XylTitan,4,1
Villager_XylWarcat,1,Empire_Fighter_Cataphract_Yttakin,1,-1
Empire_Fighter_Janissary_Impid,9,Villager_Pigskin,10,1
Empire_Fighter_Janissary_Starjack,3,Town_Guard_Pigskin,6,-1
Mercenary_Slasher_Impid,22,Villager_XylWarcat,13,1
Mercenary_Sniper_Yttakin,2,Grenadier_Destructive_XylChyrrFixed,1,1
Empire_Fighter_Janissary_Neanderthal,1,Empire_Fighter_Cataphract_XylTrog,2,-1
Villager_Impid,4,Empire_Fighter_Janissary_Impid,4,-1
Tribal_Archer_Pigskin,1,Tribal_Berserker_Yttakin,2,-1
Empire_Fighter_Janissary_XylGaunt2,5,Grenadier_Destructive_Highmate,8,1
Empire_Fighter_Cataphract_Dirtmole,7,Mercenary_Gunner_Sanguophage,7,1
Tribal_Archer_Impid,4,Tribal_Archer_Yttakin,3,1
Grenadier_Destructive_XylBossaps,17,Tribal_Archer_XylWarcat,21,1
Empire_Fighter_Janissary_Pigskin,22,Empire_Fighter_Janissary_XylTrog,16,1
Town_Guard_Sanguophage,4,Grenadier_Destructive_Sanguophage,4,-1
Villager_XylWarcat,13,Empire_Fighter_Janissary_Impid,11,-1
Mercenary_Gunner_Hussar,1,Town_Guard_Yttakin,2,1
Tribal_Berserker_XylChyrrFixed,6,Tribal_Archer_Starjack,7,1
Empire_Fighter_Janissary_Dirtmole,9,Mercenary_Slasher_XylTrog,11,-1
Villager_XylTitan,2,Tribal_Archer_Yttakin,3,-1
Empire_Fighter_Cataphract_Genie,5,Scavenger_Sanguophage,5,-1
Town_Guard_Impid,2,Empire_Fighter_Cataphract_XylDvergr,1,-1
Mercenary_Sniper_XylNixie,1,Town_Guard_XylGaunt2,2,-1
Villager_XylTrog,10,Mercenary_Sniper_Neanderthal,9,-1
Empire_Fighter_Janissary_XylDvergr,5,Empire_Fighter_Cataphract_XylSuccuboid,4,1
Tribal_Archer_XylGaunt2,3,Tribal_Archer_Baseliner,6,1
Town_Guard_Baseliner,12,Mercenary_Sniper_XylGaunt2,9,-1
Empire_Fighter_Cataphract_Dirtmole,5,Tribal_Penitent_Yttakin,5,1
Grenadier_Destructive_XylTitan,17,Empire_Fighter_Cataphract_Starjack,10,1
Villager_Pigskin,3,Mercenary_Gunner_Baseliner,2,1
Empire_Fighter_Cataphract_XylDvergr,12,Mercenary_Gunner_Neanderthal,10,1
Mercenary_Gunner_Starjack,1,Villager_Impid,1,-1
Tribal_Archer_XylWarcat,4,Empire_Fighter_Cataphract_XylWarcat,1,-1
Tribal_Berserker_XylChyrrFixed,1,Empire_Fighter_Janissary_Genie,1,1
Empire_Fighter_Cataphract_Starjack,1,Empire_Fighter_Cataphract_Pigskin,2,-1
Tribal_Berserker_Starjack,17,Scavenger_XylTitan,12,-1
Tribal_Archer_Hussar,17,Villager_XylGaunt2,9,-1
Grenadier_Destructive_Dirtmole,3,Town_Guard_Dirtmole,2,1
Mercenary_Sniper_XylGaunt2,2,Empire_Fighter_Cataphract_XylBossaps,2,1
Tribal_Penitent_XylSuccuboid,5,Tribal_Archer_XylNixie,8,-1
Town_Guard_XylTitan,5,Empire_Fighter_Janissary_XylNixie,3,-1
Town_Guard_XylTrog,3,Mercenary_Slasher_Starjack,10,-1
Grenadier_Destructive_XylGaunt2,18,Empire_Fighter_Janissary_XylDvergr,19,1
Mercenary_Slasher_XylGaunt2,4,Town_Guard_XylChyrrFixed,12,1
Town_Guard_Genie,2,Grenadier_Destructive_Genie,2,-1
Grenadier_Destructive_Starjack,14,Empire_Fighter_Janissary_XylTitan,7,-1
Empire_Fighter_Janissary_XylNixie,2,Tribal_Penitent_Impid,1,1
Tribal_Berserker_Waster,17,Tribal_Berserker_XylTitan,13,-1
Mercenary_Sniper_Impid,3,Tribal_Penitent_XylBossaps,2,1
Mercenary_Slasher_Impid,1,Mercenary_Sniper_XylDvergr,2,-1
Mercenary_Gunner_XylSuccuboid,3,Empire_Fighter_Janissary_XylChyrrFixed,1,1
Empire_Fighter_Cataphract_Impid,1,Grenadier_Destructive_XylChyrrFixed,2,1
Villager_XylWarcat,5,Mercenary_Slasher_Genie,8,1
Empire_Fighter_Janissary_Waster,7,Villager_XylDvergr,12,-1
Scavenger_XylSuccuboid,18,Scavenger_XylGaunt2,17,-1
Tribal_Penitent_Starjack,15,Villager_Starjack,13,-1
Tribal_Archer_Yttakin,4,Tribal_Penitent_Yttakin,2,1
Town_Guard_XylTrog,9,Empire_Fighter_Janissary_Hussar,5,-1
Empire_Fighter_Janissary_XylWarcat,9,Empire_Fighter_Janissary_Yttakin,11,-1
Tribal_Archer_Pigskin,5,Mercenary_Slasher_XylBossaps,5,-1
Empire_Fighter_Janissary_Hussar,2,Tribal_Berserker_XylChyrrFixed,4,-1
Villager_XylWarcat,2,Empire_Fighter_Janissary_XylNixie,3,-1
Empire_Fighter_Cataphract_XylChyrrFixed,10,Grenadier_Destructive_Yttakin,10,1
Tribal_Penitent_XylDvergr,2,Mercenary_Sniper_XylNixie,3,-1
Mercenary_Slasher_XylGaunt2,4,Scavenger_Impid,6,1
Empire_Fighter_Janissary_Sanguophage,1,Empire_Fighter_Cataphract_XylSuccuboid,2,-1
Empire_Fighter_Cataphract_XylGaunt2,2,Tribal_Archer_Hussar,3,1
Mercenary_Gunner_XylNixie,2,Mercenary_Sniper_XylWarcat,1,-1
Empire_Fighter_Cataphract_XylChyrrFixed,2,Tribal_Berserker_Impid,1,1
Villager_XylChyrrFixed,4,Empire_Fighter_Janissary_Starjack,2,1
Mercenary_Slasher_Starjack,1,Town_Guard_Starjack,1,1
Grenadier_Destructive_Highmate,10,Grenadier_Destructive_XylNixie,7,-1
Mercenary_Gunner_XylGaunt2,5,Tribal_Penitent_Pigskin,6,1
Tribal_Berserker_Neanderthal,1,Mercenary_Sniper_XylNixie,1,1
Mercenary_Gunner_Dirtmole,2,Empire_Fighter_Cataphract_XylDvergr,1,1
Villager_XylSuccuboid,3,Tribal_Archer_XylChyrrFixed,7,-1
Villager_XylNixie,2,Villager_XylGaunt2,1,-1
Mercenary_Sniper_Hussar,2,Villager_Neanderthal,3,-1
Empire_Fighter_Janissary_Pigskin,18,Villager_Impid,19,1
Mercenary_Gunner_XylGaunt2,2,Mercenary_Sniper_XylTitan,4,-1
Town_Guard_XylSuccuboid,9,Empire_Fighter_Cataphract_Baseliner,8,-1
Tribal_Archer_Yttakin,3,Mercenary_Gunner_XylChyrrFixed,2,-1
Empire_Fighter_Cataphract_XylChyrrFixed,1,Grenadier_Destructive_Yttakin,3,-1
Tribal_Archer_Baseliner,5,Grenadier_Destructive_Yttakin,4,-1
Mercenary_Slasher_Sanguophage,8,Mercenary_Slasher_Highmate,11,1
Empire_Fighter_Cataphract_XylTrog,10,Tribal_Berserker_XylTitan,11,1
Tribal_Penitent_XylBossaps,7,Tribal_Archer_Neanderthal,11,-1
Empire_Fighter_Janissary_Dirtmole,2,Mercenary_Sniper_Baseliner,3,1
Mercenary_Slasher_XylNixie,13,Tribal_Archer_XylChyrrFixed,15,1
Tribal_Archer_Genie,2,Tribal_Penitent_XylSuccuboid,2,-1
Mercenary_Slasher_Baseliner,1,Mercenary_Gunner_Pigskin,1,1
Tribal_Penitent_Highmate,18,Tribal_Berserker_Pigskin,10,-1
Mercenary_Slasher_Waster,6,Town_Guard_Baseliner,6,1
Empire_Fighter_Janissary_XylSuccuboid,8,Empire_Fighter_Janissary_Neanderthal,8,-1
Town_Guard_XylTitan,4,Empire_Fighter_Cataphract_XylDvergr,3,-1
Town_Guard_Yttakin,4,Mercenary_Sniper_Baseliner,4,-1
Empire_Fighter_Janissary_XylBossaps,2,Scavenger_XylNixie,2,1
Mercenary_Sniper_XylDvergr,8,Tribal_Penitent_Highmate,11,1
Mercenary_Sniper_XylTrog,15,Town_Guard_XylTitan,21,-1
Empire_Fighter_Cataphract_XylSuccuboid,1,Tribal_Archer_XylChyrrFixed,2,1
Mercenary_Slasher_Hussar,1,Villager_XylGaunt2,1,-1
Tribal_Archer_Hussar,9,Mercenary_Sniper_XylWarcat,5,-1
Tribal_Penitent_XylNixie,2,Empire_Fighter_Janissary_Dirtmole,1,1
Town_Guard_XylChyrrFixed,27,Town_Guard_XylGaunt2,12,-1
Villager_Waster,9,Tribal_Archer_Starjack,19,-1
Empire_Fighter_Cataphract_Hussar,8,Scavenger_Dirtmole,13,1
Empire_Fighter_Janissary_XylGaunt2,3,Town_Guard_XylDvergr,4,1
Empire_Fighter_Janissary_Waster,3,Mercenary_Slasher_Baseliner,4,-1
Mercenary_Sniper_XylSuccuboid,14,Tribal_Archer_XylTrog,12,1
Town_Guard_Highmate,7,Tribal_Berserker_XylGaunt3,5,-1
Mercenary_Gunner_Starjack,9,Tribal_Archer_Yttakin,8,1
Tribal_Penitent_Genie,9,Mercenary_Sniper_Sanguophage,8,-1
Empire_Fighter_Janissary_Dirtmole,4,Mercenary_Slasher_XylDvergr,6,-1
Scavenger_XylWarcat,3,Empire_Fighter_Cataphract_Impid,3,-1
Villager_XylGaunt3,1,Mercenary_Sniper_Baseliner,2,1
Villager_Sanguophage,2,Town_Guard_Waster,3,-1
Mercenary_Sniper_XylWarcat,1,Town_Guard_XylSuccuboid,2,1
Mercenary_Slasher_XylSuccuboid,20,Empire_Fighter_Janissary_XylNixie,14,1
Town_Guard_XylNixie,3,Mercenary_Sniper_Yttakin,2,-1
Grenadier_Destructive_Pigskin,2,Tribal_Archer_Yttakin,3,-1
Mercenary_Sniper_Hussar,6,Mercenary_Gunner_Waster,6,1
Tribal_Archer_XylTrog,4,Tribal_Penitent_XylChyrrFixed,6,1
Empire_Fighter_Cataphract_Impid,1,Tribal_Archer_XylTrog,2,1
Villager_Hussar,18,Grenadier_Destructive_Sanguophage,20,-1
Empire_Fighter_Cataphract_Dirtmole,4,Empire_Fighter_Janissary_Sanguophage,6,-1
Villager_XylTrog,4,Town_Guard_XylChyrrFixed,7,-1
Villager_Neanderthal,10,Empire_Fighter_Janissary_XylBossaps,6,-1
Villager_XylDvergr,4,Mercenary_Slasher_XylGaunt3,3,-1
Empire_Fighter_Janissary_XylChyrrFixed,1,Tribal_Berserker_XylNixie,2,-1
Mercenary_Slasher_Pigskin,21,Empire_Fighter_Janissary_XylDvergr,14,1
Empire_Fighter_Cataphract_Impid,4,Mercenary_Sniper_XylNixie,8,1
Mercenary_Sniper_Genie,3,Mercenary_Sniper_Dirtmole,2,-1
Empire_Fighter_Cataphract_XylChyrrFixed,2,Mercenary_Slasher_XylGaunt3,3,-1
Town_Guard_XylGaunt3,4,Tribal_Berserker_Baseliner,6,1
Mercenary_Gunner_Neanderthal,1,Grenadier_Destructive_XylSuccuboid,2,1
Empire_Fighter_Cataphract_XylTrog,18,Empire_Fighter_Janissary_XylNixie,18,1
Empire_Fighter_Cataphract_Baseliner,17,Mercenary_Sniper_Yttakin,20,1
Empire_Fighter_Cataphract_Baseliner,2,Grenadier_Destructive_XylDvergr,2,1
Scavenger_Impid,1,Empire_Fighter_Cataphract_XylGaunt3,2,-1
Mercenary_Gunner_Genie,10,Mercenary_Gunner_Starjack,7,-1
Mercenary_Gunner_XylGaunt3,12,Tribal_Berserker_XylSuccuboid,11,1
Scavenger_XylChyrrFixed,4,Tribal_Archer_Neanderthal,3,1
Tribal_Archer_Pigskin,1,Tribal_Archer_Hussar,1,-1
Empire_Fighter_Janissary_XylDvergr,8,Town_Guard_Yttakin,10,1
Town_Guard_XylTrog,7,Villager_Starjack,7,1
Tribal_Penitent_Yttakin,4,Mercenary_Gunner_Pigskin,4,1
Mercenary_Slasher_XylNixie,1,Tribal_Berserker_XylGaunt3,1,-1
Mercenary_Gunner_XylNixie,5,Tribal_Penitent_XylNixie,3,1
Mercenary_Sniper_XylGaunt3,11,Tribal_Archer_Impid,14,1
Empire_Fighter_Janissary_XylChyrrFixed,6,Town_Guard_Yttakin,6,-1
Villager_XylTitan,2,Scavenger_Waster,2,1
Tribal_Archer_Baseliner,11,Town_Guard_Highmate,15,-1
Town_Guard_Baseliner,1,Mercenary_Gunner_Waster,2,-1
Tribal_Penitent_XylTitan,2,Villager_XylBossaps,3,-1
Mercenary_Slasher_XylChyrrFixed,1,Mercenary_Sniper_Sanguophage,2,-1
Tribal_Penitent_Genie,14,Tribal_Berserker_XylTrog,7,-1
Tribal_Penitent_Sanguophage,1,Villager_Genie,3,-1
Tribal_Archer_XylNixie,12,Villager_XylWarcat,9,-1
Empire_Fighter_Janissary_Hussar,2,Town_Guard_Waster,3,1
Grenadier_Destructive_XylBossaps,1,Mercenary_Slasher_Starjack,4,-1
Scavenger_Dirtmole,15,Tribal_Berserker_XylChyrrFixed,15,1
Villager_Hussar,1,Tribal_Berserker_Impid,2,-1
Town_Guard_XylSuccuboid,22,Mercenary_Sniper_Yttakin,18,-1
Town_Guard_XylChyrrFixed,3,Scavenger_XylGaunt3,2,-1
Tribal_Penitent_XylSuccuboid,7,Mercenary_Sniper_Hussar,6,-1
Mercenary_Slasher_XylDvergr,1,Tribal_Penitent_Sanguophage,1,-1
Villager_Starjack,7,Empire_Fighter_Cataphract_Baseliner,5,-1
Town_Guard_XylTitan,18,Town_Guard_XylDvergr,19,1
Villager_Sanguophage,4,Villager_XylChyrrFixed,5,1
Grenadier_Destructive_Waster,15,Tribal_Archer_XylGaunt3,13,-1
Empire_Fighter_Cataphract_XylTitan,2,Empire_Fighter_Cataphract_Genie,3,-1
Tribal_Berserker_Hussar,4,Town_Guard_Starjack,4,1
Tribal_Penitent_Neanderthal,11,Mercenary_Gunner_XylDvergr,13,1
Empire_Fighter_Cataphract_Dirtmole,2,Empire_Fighter_Janissary_XylGaunt3,3,-1
Empire_Fighter_Cataphract_XylTitan,6,Empire_Fighter_Janissary_XylBossaps,6,1
Villager_XylSuccuboid,2,Mercenary_Gunner_XylGaunt3,1,-1
Mercenary_Gunner_Starjack,2,Town_Guard_XylChyrrFixed,3,1
Mercenary_Gunner_Yttakin,2,Villager_XylNixie,4,1
Mercenary_Slasher_XylBossaps,17,Empire_Fighter_Cataphract_Pigskin,14,1
Villager_XylNixie,4,Tribal_Penitent_Dirtmole,3,-1
Tribal_Archer_Neanderthal,9,Mercenary_Slasher_XylTrog,8,-1
Empire_Fighter_Janissary_XylChyrrFixed,21,Mercenary_Gunner_XylTrog,13,1
Mercenary_Slasher_Pigskin,24,Empire_Fighter_Cataphract_XylGaunt3,16,-1
Tribal_Archer_XylChyrrFixed,2,Tribal_Penitent_Hussar,1,-1
Tribal_Penitent_Starjack,2,Tribal_Berserker_Starjack,2,-1
Town_Guard_XylDvergr,6,Empire_Fighter_Janissary_Baseliner,5,-1
Villager_Impid,2,Villager_Genie,1,1
Villager_Pigskin,3,Scavenger_Highmate,4,1
Grenadier_Destructive_Neanderthal,3,Empire_Fighter_Janissary_Impid,3,-1
Scavenger_XylTrog,12,Villager_XylDvergr,15,1
Mercenary_Sniper_XylTitan,1,Scavenger_Baseliner,1,-1
Tribal_Berserker_XylBossaps,22,Grenadier_Destructive_XylWarcat,18,-1
Mercenary_Slasher_Baseliner,3,Tribal_Berserker_XylBossaps,2,-1
Tribal_Archer_XylGaunt3,8,Empire_Fighter_Cataphract_XylGaunt3,6,-1
Town_Guard_XylTitan,2,Mercenary_Gunner_Sanguophage,2,-1
Tribal_Penitent_Genie,1,Scavenger_Pigskin,1,-1
Tribal_Penitent_XylSuccuboid,13,Empire_Fighter_Cataphract_Pigskin,7,-1
Mercenary_Sniper_XylGaunt3,2,Villager_XylSuccuboid,4,1
Scavenger_XylTitan,3,Empire_Fighter_Janissary_Yttakin,2,-1
Tribal_Berserker_XylTitan,5,Tribal_Berserker_XylSuccuboid,7,1
Mercenary_Gunner_Hussar,1,Mercenary_Gunner_Dirtmole,2,-1
Villager_XylDvergr,18,Mercenary_Sniper_XylTitan,12,-1
Mercenary_Slasher_XylBossaps,4,Town_Guard_XylChyrrFixed,7,1
Empire_Fighter_Janissary_XylWarcat,3,Tribal_Penitent_XylWarcat,1,1
Empire_Fighter_Cataphract_XylDvergr,5,Tribal_Penitent_Impid,7,1
Mercenary_Gunner_XylNixie,4,Scavenger_Pigskin,4,1
Empire_Fighter_Janissary_XylTrog,12,Villager_Starjack,19,1
Empire_Fighter_Cataphract_XylBossaps,9,Mercenary_Slasher_XylDvergr,9,1
Mercenary_Slasher_Neanderthal,3,Empire_Fighter_Cataphract_XylChyrrFixed,3,1
Mercenary_Sniper_XylGaunt3,6,Empire_Fighter_Janissary_Impid,7,1
Mercenary_Slasher_Yttakin,10,Mercenary_Slasher_XylNixie,16,1
Tribal_Berserker_Yttakin,8,Tribal_Berserker_XylGaunt3,6,-1
Tribal_Berserker_XylSuccuboid,3,Tribal_Archer_Yttakin,3,-1
Tribal_Berserker_Sanguophage,8,Mercenary_Slasher_XylBossaps,7,1
Tribal_Berserker_Waster,21,Villager_XylTitan,14,1
Tribal_Archer_XylChyrrFixed,5,Mercenary_Gunner_XylDvergr,1,1
Mercenary_Slasher_XylTitan,12,Mercenary_Gunner_Dirtmole,7,1
Scavenger_XylDvergr,1,Grenadier_Destructive_Hussar,2,-1
Scavenger_XylBossaps,18,Tribal_Penitent_XylDvergr,21,1
Tribal_Berserker_Dirtmole,2,Tribal_Berserker_XylChyrrFixed,1,1
Tribal_Penitent_Genie,18,Grenadier_Destructive_XylSuccuboid,10,-1
Mercenary_Gunner_XylTrog,3,Grenadier_Destructive_Neanderthal,3,1
Tribal_Berserker_Neanderthal,2,Scavenger_XylTrog,3,-1
Scavenger_Genie,5,Mercenary_Gunner_XylGaunt3,3,-1
Empire_Fighter_Cataphract_Sanguophage,14,Empire_Fighter_Cataphract_Neanderthal,15,-1
Tribal_Berserker_Impid,3,Mercenary_Slasher_XylGaunt3,3,-1
Empire_Fighter_Cataphract_Starjack,3,Empire_Fighter_Janissary_Dirtmole,3,1
Tribal_Berserker_Starjack,4,Tribal_Penitent_XylTitan,3,-1
Town_Guard_XylNixie,5,Town_Guard_XylDvergr,7,1
Empire_Fighter_Cataphract_XylDvergr,13,Tribal_Penitent_Baseliner,18,1
Mercenary_Gunner_Dirtmole,12,Tribal_Penitent_Highmate,21,1
Mercenary_Sniper_XylTrog,14,Mercenary_Slasher_Neanderthal,14,-1
Empire_Fighter_Janissary_Starjack,1,Tribal_Berserker_Hussar,1,-1
Empire_Fighter_Cataphract_XylBossaps,3,Empire_Fighter_Janissary_Baseliner,3,1
Mercenary_Gunner_Genie,8,Tribal_Berserker_Starjack,7,-1
Villager_Impid,16,Scavenger_Impid,17,-1
Tribal_Penitent_Pigskin,7,Villager_XylGaunt3,6,-1
Tribal_Penitent_XylGaunt3,2,Scavenger_XylDvergr,2,1
Villager_XylTitan,1,Tribal_Archer_Starjack,2,-1
Mercenary_Sniper_Starjack,2,Tribal_Berserker_XylBossaps,1,1
Mercenary_Slasher_Genie,25,Empire_Fighter_Cataphract_XylTitan,12,-1
Town_Guard_Highmate,20,Tribal_Berserker_XylDvergr,13,-1
Tribal_Archer_Sanguophage,2,Tribal_Archer_Impid,3,-1
Tribal_Archer_XylNixie,3,Mercenary_Sniper_Starjack,2,-1
Tribal_Archer_XylDvergr,20,Empire_Fighter_Cataphract_Neanderthal,15,-1
Tribal_Berserker_XylTrog,2,Mercenary_Gunner_Baseliner,1,1
Town_Guard_XylWarcat,6,Villager_Genie,11,1
Empire_Fighter_Cataphract_Yttakin,1,Scavenger_Genie,2,1
Town_Guard_Dirtmole,5,Grenadier_Destructive_XylTrog,6,-1
Scavenger_Neanderthal,5,Mercenary_Sniper_Hussar,3,-1
Mercenary_Gunner_Dirtmole,14,Empire_Fighter_Cataphract_XylChyrrFixed,12,-1
Tribal_Archer_XylSuccuboid,2,Tribal_Berserker_XylTitan,2,-1
Grenadier_Destructive_XylGaunt3,5,Empire_Fighter_Janissary_XylNixie,5,1
Villager_Dirtmole,2,Scavenger_Hussar,3,-1
Empire_Fighter_Cataphract_Hussar,9,Villager_XylChyrrFixed,25,1
Mercenary_Gunner_Dirtmole,1,Town_Guard_Pigskin,1,1
Scavenger_Hussar,3,Empire_Fighter_Janissary_XylDvergr,2,1
Tribal_Archer_Yttakin,1,Mercenary_Gunner_XylWarcat,1,-1
Grenadier_Destructive_XylTrog,2,Mercenary_Slasher_XylGaunt3,1,-1
Empire_Fighter_Cataphract_Neanderthal,1,Mercenary_Slasher_XylSuccuboid,1,1
Tribal_Archer_Yttakin,6,Villager_Hussar,7,-1
Scavenger_Yttakin,1,Grenadier_Destructive_XylChyrrFixed,2,-1
Town_Guard_Baseliner,3,Tribal_Penitent_Neanderthal,2,-1
Grenadier_Destructive_XylGaunt3,2,Tribal_Archer_XylWarcat,4,1
Mercenary_Gunner_XylGaunt3,5,Tribal_Penitent_XylNixie,10,1
Empire_Fighter_Cataphract_XylGaunt3,11,Grenadier_Destructive_Yttakin,14,1
Town_Guard_Sanguophage,9,Empire_Fighter_Janissary_Neanderthal,5,1
Tribal_Penitent_Dirtmole,2,Town_Guard_XylTitan,1,1
Empire_Fighter_Cataphract_Neanderthal,1,Villager_XylDvergr,1,1
Empire_Fighter_Janissary_XylChyrrFixed,12,Grenadier_Destructive_XylChyrrFixed,14,-1
Town_Guard_XylDvergr,6,Mercenary_Sniper_Hussar,4,-1
Tribal_Archer_Baseliner,4,Tribal_Berserker_XylDvergr,4,-1
Tribal_Archer_XylTitan,5,Town_Guard_Neanderthal,3,-1
Empire_Fighter_Janissary_XylWarcat,18,Tribal_Penitent_Neanderthal,14,1
Mercenary_Sniper_Pigskin,4,Scavenger_XylDvergr,4,1
Villager_Highmate,6,Tribal_Archer_Genie,12,-1
Town_Guard_Baseliner,5,Mercenary_Sniper_XylNixie,5,-1
Tribal_Berserker_Neanderthal,4,Town_Guard_Pigskin,7,1
Mercenary_Sniper_XylGaunt3,1,Mercenary_Sniper_Baseliner,2,1
Grenadier_Destructive_Impid,6,Villager_Waster,5,1
Mercenary_Slasher_XylWarcat,3,Tribal_Penitent_Genie,6,1
Empire_Fighter_Janissary_Impid,5,Villager_Highmate,6,1
Villager_Sanguophage,2,Mercenary_Sniper_XylDvergr,1,1
Town_Guard_Genie,6,Empire_Fighter_Janissary_Genie,6,-1
Empire_Fighter_Cataphract_Dirtmole,10,Tribal_Penitent_XylGaunt3,9,-1
Tribal_Archer_XylSuccuboid,10,Mercenary_Sniper_Dirtmole,7,-1
Tribal_Archer_XylWarcat,1,Villager_XylTrog,1,1
Empire_Fighter_Cataphract_XylTrog,11,Mercenary_Sniper_Genie,25,1
Mercenary_Gunner_Pigskin,5,Empire_Fighter_Cataphract_Yttakin,3,-1
Mercenary_Gunner_XylWarcat,1,Mercenary_Sniper_Starjack,2,-1
Tribal_Archer_XylChyrrFixed,6,Scavenger_Highmate,3,1
Empire_Fighter_Cataphract_Baseliner,6,Scavenger_XylGaunt3,7,1
Tribal_Penitent_Baseliner,2,Mercenary_Slasher_Hussar,2,-1
Scavenger_Yttakin,11,Mercenary_Slasher_Neanderthal,7,-1
Town_Guard_Genie,9,Tribal_Archer_XylWarcat,9,-1
Mercenary_Gunner_Hussar,10,Tribal_Berserker_Yttakin,13,1
Scavenger_XylTitan,7,Tribal_Berserker_XylGaunt3,4,-1
Tribal_Archer_XylTrog,10,Tribal_Archer_XylGaunt3,9,-1
Empire_Fighter_Janissary_XylTrog,7,Villager_Baseliner,8,1
Villager_Sanguophage,3,Tribal_Berserker_Pigskin,3,1
Villager_XylTitan,10,Villager_XylBossaps,10,-1
Mercenary_Gunner_Yttakin,10,Tribal_Archer_XylNixie,22,1
Mercenary_Slasher_Starjack,24,Scavenger_XylGaunt3,10,-1
Tribal_Berserker_XylSuccuboid,2,Empire_Fighter_Janissary_XylTitan,2,-1
Scavenger_XylGaunt3,1,Mercenary_Slasher_Starjack,4,1
Villager_XylGaunt3,12,Villager_Sanguophage,16,1
Mercenary_Slasher_Dirtmole,2,Tribal_Penitent_Genie,3,-1
Tribal_Penitent_XylChyrrFixed,1,Grenadier_Destructive_XylNixie,1,-1
Tribal_Archer_Waster,4,Scavenger_XylGaunt3,3,-1
Empire_Fighter_Janissary_Baseliner,13,Empire_Fighter_Cataphract_XylNixie,9,-1
Tribal_Archer_Waster,6,Empire_Fighter_Janissary_XylSuccuboid,3,-1
Empire_Fighter_Janissary_XylTitan,3,Mercenary_Sniper_XylTrog,4,-1
Empire_Fighter_Janissary_Neanderthal,2,Mercenary_Gunner_Starjack,2,1
Mercenary_Sniper_Dirtmole,5,Villager_XylChyrrFixed,7,1
Tribal_Berserker_XylNixie,12,Town_Guard_XylTrog,7,1
Town_Guard_Dirtmole,1,Villager_Waster,1,1
Grenadier_Destructive_XylBossaps,6,Mercenary_Gunner_Waster,6,-1
Villager_Hussar,1,Tribal_Archer_XylChyrrFixed,2,1
Empire_Fighter_Janissary_Genie,1,Empire_Fighter_Janissary_Starjack,1,-1
Villager_Pigskin,5,Grenadier_Destructive_XylGaunt3,3,-1
Scavenger_XylChyrrFixed,4,Empire_Fighter_Cataphract_XylDvergr,2,-1
Scavenger_Baseliner,12,Tribal_Berserker_Impid,12,-1
Empire_Fighter_Janissary_XylWarcat,2,Tribal_Berserker_XylTitan,3,-1
Mercenary_Gunner_XylGaunt3,7,Mercenary_Sniper_Starjack,13,1
Tribal_Archer_XylGaunt3,6,Mercenary_Slasher_Neanderthal,6,1
Mercenary_Slasher_XylTitan,15,Villager_Baseliner,10,1
Tribal_Berserker_Pigskin,6,Grenadier_Destructive_Neanderthal,9,-1
Mercenary_Slasher_XylGaunt3,1,Town_Guard_XylChyrrFixed,3,1
Tribal_Archer_Neanderthal,4,Grenadier_Destructive_XylNixie,3,1
Town_Guard_XylSuccuboid,15,Tribal_Archer_XylTitan,14,-1
Empire_Fighter_Janissary_XylBossaps,6,Tribal_Archer_XylDvergr,8,1
Empire_Fighter_Janissary_Yttakin,2,Empire_Fighter_Cataphract_XylGaunt3,1,-1
Villager_Hussar,2,Mercenary_Sniper_Starjack,1,1
Grenadier_Destructive_Pigskin,2,Mercenary_Gunner_XylWarcat,1,1
Tribal_Archer_Sanguophage,1,Scavenger_XylTitan,1,1
Mercenary_Gunner_Dirtmole,9,Grenadier_Destructive_Waster,12,1
Town_Guard_XylSuccuboid,4,Town_Guard_Baseliner,3,1
Grenadier_Destructive_Neanderthal,8,Tribal_Berserker_Neanderthal,7,-1
Mercenary_Gunner_Pigskin,12,Empire_Fighter_Janissary_XylChyrrFixed,14,1
Tribal_Berserker_Pigskin,17,Mercenary_Sniper_Starjack,20,1
Empire_Fighter_Janissary_Baseliner,11,Scavenger_Hussar,11,1
Mercenary_Slasher_Sanguophage,9,Villager_XylChyrrFixed,13,1
Villager_Genie,19,Tribal_Berserker_Hussar,8,-1
Tribal_Berserker_Dirtmole,8,Villager_Genie,20,-1
Tribal_Berserker_Pigskin,1,Tribal_Archer_Starjack,2,1
Tribal_Penitent_XylDvergr,5,Tribal_Penitent_XylNixie,7,1
Empire_Fighter_Janissary_XylTrog,2,Town_Guard_Starjack,2,1
Empire_Fighter_Cataphract_Neanderthal,2,Mercenary_Sniper_XylChyrrFixed,2,1
Tribal_Penitent_XylChyrrFixed,14,Tribal_Archer_Impid,9,1
Empire_Fighter_Cataphract_XylTrog,5,Mercenary_Gunner_Baseliner,6,1
Mercenary_Sniper_XylNixie,1,Town_Guard_XylSuccuboid,1,-1
Scavenger_Genie,8,Town_Guard_Sanguophage,6,-1
Town_Guard_Hussar,3,Mercenary_Slasher_XylTrog,3,-1
Tribal_Penitent_Pigskin,2,Empire_Fighter_Janissary_XylSuccuboid,2,-1
Grenadier_Destructive_XylSuccuboid,13,Empire_Fighter_Cataphract_XylGaunt3,8,-1
Tribal_Archer_Sanguophage,8,Tribal_Archer_Dirtmole,8,1
Mercenary_Gunner_XylGaunt3,2,Empire_Fighter_Janissary_Hussar,1,1
Tribal_Penitent_XylGaunt3,2,Empire_Fighter_Janissary_Hussar,1,1
Mercenary_Sniper_Dirtmole,11,Mercenary_Slasher_XylChyrrFixed,13,-1
Grenadier_Destructive_XylGaunt3,2,Scavenger_XylWarcat,2,1
Mercenary_Sniper_XylChyrrFixed,2,Tribal_Archer_Baseliner,2,1
Empire_Fighter_Janissary_XylSuccuboid,14,Tribal_Penitent_Hussar,17,1
Empire_Fighter_Cataphract_Sanguophage,4,Tribal_Berserker_XylTrog,5,1
Mercenary_Sniper_Dirtmole,9,Empire_Fighter_Cataphract_Starjack,7,1
Mercenary_Gunner_XylBossaps,12,Mercenary_Slasher_Pigskin,21,-1
Empire_Fighter_Janissary_Baseliner,3,Empire_Fighter_Cataphract_XylDvergr,2,-1
Mercenary_Sniper_Waster,4,Tribal_Berserker_XylTitan,2,1
Town_Guard_Highmate,2,Villager_XylBossaps,1,-1
Mercenary_Gunner_Genie,5,Empire_Fighter_Janissary_Waster,3,-1
Empire_Fighter_Cataphract_XylGaunt3,6,Town_Guard_Dirtmole,11,1
Empire_Fighter_Janissary_XylTrog,8,Villager_XylGaunt3,7,-1
Mercenary_Sniper_XylTrog,7,Empire_Fighter_Janissary_Dirtmole,7,1
Tribal_Archer_Neanderthal,2,Mercenary_Sniper_Impid,2,-1
Tribal_Archer_Impid,5,Tribal_Penitent_XylTitan,3,1
Tribal_Penitent_Genie,9,Empire_Fighter_Cataphract_Baseliner,3,-1
Empire_Fighter_Janissary_Impid,1,Tribal_Archer_Dirtmole,1,1
Tribal_Berserker_XylChyrrFixed,2,Villager_Hussar,1,1
Empire_Fighter_Janissary_Waster,5,Empire_Fighter_Janissary_Yttakin,3,1
Mercenary_Slasher_Neanderthal,2,Empire_Fighter_Janissary_Baseliner,3,1
Empire_Fighter_Janissary_Sanguophage,2,Mercenary_Slasher_XylGaunt3,3,-1
Grenadier_Destructive_Impid,9,Empire_Fighter_Janissary_XylBossaps,6,-1
Empire_Fighter_Cataphract_XylNixie,1,Mercenary_Gunner_XylSuccuboid,3,-1
Empire_Fighter_Cataphract_Yttakin,2,Empire_Fighter_Janissary_XylSuccuboid,2,1
Scavenger_XylChyrrFixed,6,Villager_XylGaunt3,2,1
Empire_Fighter_Janissary_XylTrog,9,Tribal_Penitent_Yttakin,13,1
Grenadier_Destructive_XylTitan,2,Villager_XylChyrrFixed,4,-1
Town_Guard_Highmate,15,Scavenger_XylTrog,8,-1
Mercenary_Sniper_Baseliner,13,Tribal_Penitent_Yttakin,9,1
Mercenary_Gunner_Sanguophage,2,Grenadier_Destructive_Waster,2,-1
Scavenger_Highmate,5,Town_Guard_XylWarcat,3,-1
Villager_XylGaunt3,6,Tribal_Berserker_Neanderthal,9,-1
Mercenary_Gunner_Sanguophage,12,Empire_Fighter_Cataphract_Dirtmole,13,-1
Empire_Fighter_Janissary_XylChyrrFixed,19,Empire_Fighter_Janissary_Sanguophage,11,1
Tribal_Berserker_Hussar,10,Tribal_Berserker_Pigskin,10,1
Empire_Fighter_Janissary_XylGaunt3,3,Mercenary_Slasher_XylBossaps,4,1
Tribal_Berserker_Impid,6,Town_Guard_Waster,6,-1
Mercenary_Sniper_Impid,1,Tribal_Berserker_Yttakin,1,-1
Town_Guard_Waster,2,Empire_Fighter_Janissary_Dirtmole,2,-1
Grenadier_Destructive_XylDvergr,1,Empire_Fighter_Cataphract_XylNixie,1,-1
Mercenary_Sniper_Hussar,13,Tribal_Penitent_Waster,17,1
Town_Guard_XylGaunt3,12,Town_Guard_XylDvergr,25,1
Empire_Fighter_Cataphract_XylGaunt3,3,Grenadier_Destructive_Hussar,4,1
Villager_Starjack,5,Mercenary_Slasher_Yttakin,3,-1
Grenadier_Destructive_XylTrog,6,Town_Guard_Waster,7,-1
Empire_Fighter_Janissary_Dirtmole,13,Empire_Fighter_Janissary_Neanderthal,9,1
Mercenary_Slasher_XylWarcat,6,Empire_Fighter_Cataphract_XylGaunt3,4,-1
Tribal_Archer_XylGaunt3,13,Mercenary_Slasher_XylSuccuboid,18,1
Empire_Fighter_Janissary_XylTrog,3,Villager_XylTrog,5,1
Tribal_Berserker_XylSuccuboid,10,Mercenary_Slasher_Waster,10,-1
Town_Guard_XylSuccuboid,2,Town_Guard_XylBossaps,1,1
Mercenary_Gunner_Dirtmole,4,Mercenary_Sniper_Genie,10,-1
Tribal_Archer_XylBossaps,3,Villager_XylTitan,3,-1
Town_Guard_Genie,16,Tribal_Penitent_Dirtmole,8,1
Mercenary_Gunner_Hussar,11,Tribal_Berserker_Sanguophage,12,1
Mercenary_Gunner_Pigskin,4,Scavenger_Highmate,8,-1
Tribal_Berserker_XylGaunt3,5,Tribal_Archer_Waster,14,1
Tribal_Berserker_Neanderthal,2,Tribal_Penitent_XylBossaps,3,-1
Empire_Fighter_Cataphract_XylDvergr,1,Grenadier_Destructive_XylDvergr,2,1
Tribal_Archer_XylNixie,5,Grenadier_Destructive_Neanderthal,4,-1
Empire_Fighter_Cataphract_Hussar,3,Tribal_Berserker_Hussar,3,1
Empire_Fighter_Janissary_Waster,17,Mercenary_Slasher_XylGaunt3,12,-1
Mercenary_Gunner_Neanderthal,4,Empire_Fighter_Janissary_Baseliner,5,-1
Tribal_Archer_Starjack,1,Scavenger_Highmate,2,-1
Grenadier_Destructive_XylTitan,14,Grenadier_Destructive_XylBossaps,12,-1
Scavenger_Highmate,1,Mercenary_Gunner_Impid,1,-1
Tribal_Archer_XylBossaps,12,Villager_XylWarcat,11,-1
Mercenary_Gunner_Waster,12,Mercenary_Sniper_Genie,18,1
Tribal_Berserker_XylDvergr,15,Mercenary_Gunner_XylChyrrFixed,14,-1
Grenadier_Destructive_XylChyrrFixed,1,Tribal_Penitent_Sanguophage,2,-1
Grenadier_Destructive_Starjack,4,Tribal_Penitent_Starjack,3,1
Empire_Fighter_Janissary_Waster,5,Grenadier_Destructive_XylSuccuboid,5,1
Villager_Baseliner,8,Mercenary_Slasher_XylTrog,6,-1
Tribal_Penitent_XylGaunt3,3,Empire_Fighter_Cataphract_Dirtmole,4,1
Villager_Dirtmole,16,Scavenger_Neanderthal,20,-1
Mercenary_Sniper_Waster,17,Mercenary_Slasher_Yttakin,11,1
Grenadier_Destructive_Dirtmole,2,Villager_XylSuccuboid,3,-1
Scavenger_XylBossaps,5,Tribal_Penitent_XylGaunt3,5,-1
Tribal_Berserker_Sanguophage,8,Empire_Fighter_Cataphract_Pigskin,8,-1
Mercenary_Gunner_XylNixie,4,Scavenger_Starjack,3,1
Villager_Waster,2,Tribal_Penitent_XylGaunt3,1,-1
Tribal_Archer_XylSuccuboid,10,Empire_Fighter_Janissary_XylTitan,4,-1
Mercenary_Gunner_Yttakin,6,Empire_Fighter_Cataphract_Pigskin,7,-1
Tribal_Penitent_XylChyrrFixed,23,Empire_Fighter_Cataphract_Hussar,9,-1
Empire_Fighter_Cataphract_Hussar,1,Scavenger_XylSuccuboid,3,1
Tribal_Penitent_Highmate,3,Tribal_Archer_XylDvergr,2,1
Scavenger_Pigskin,2,Villager_XylTrog,2,1
Mercenary_Gunner_Hussar,2,Empire_Fighter_Janissary_Dirtmole,4,-1
Grenadier_Destructive_XylTitan,8,Mercenary_Sniper_Neanderthal,7,1
Empire_Fighter_Cataphract_XylSuccuboid,2,Mercenary_Gunner_XylDvergr,3,1
Mercenary_Slasher_XylNixie,5,Empire_Fighter_Cataphract_XylGaunt3,3,-1
Tribal_Penitent_XylGaunt3,4,Villager_XylChyrrFixed,11,1
Town_Guard_XylSuccuboid,6,Mercenary_Sniper_Hussar,3,-1
Grenadier_Destructive_Waster,1,Villager_Neanderthal,2,-1
Grenadier_Destructive_Waster,14,Tribal_Berserker_Yttakin,10,1
Tribal_Archer_Waster,13,Scavenger_XylSuccuboid,11,-1
Mercenary_Slasher_Impid,1,Tribal_Penitent_XylDvergr,1,1
Mercenary_Sniper_Hussar,3,Villager_XylWarcat,3,1
Mercenary_Slasher_XylDvergr,5,Grenadier_Destructive_XylTitan,5,-1
Empire_Fighter_Janissary_XylTitan,9,Mercenary_Gunner_XylSuccuboid,13,1
Grenadier_Destructive_XylChyrrFixed,15,Empire_Fighter_Cataphract_Waster,15,-1
Tribal_Penitent_Hussar,4,Mercenary_Slasher_XylSuccuboid,6,1
Scavenger_XylTitan,4,Scavenger_XylSuccuboid,5,-1
Mercenary_Slasher_XylBossaps,6,Empire_Fighter_Cataphract_Baseliner,5,1
Scavenger_Waster,2,Villager_XylBossaps,1,-1
Tribal_Berserker_XylGaunt3,3,Mercenary_Sniper_Impid,5,1
Empire_Fighter_Cataphract_Pigskin,2,Town_Guard_Yttakin,4,-1
Mercenary_Sniper_XylTrog,17,Empire_Fighter_Janissary_XylTitan,13,1
Mercenary_Gunner_XylTrog,8,Mercenary_Gunner_Yttakin,8,-1
Villager_XylChyrrFixed,2,Villager_XylBossaps,1,1
Empire_Fighter_Cataphract_XylNixie,9,Mercenary_Slasher_XylWarcat,11,-1
Town_Guard_Dirtmole,10,Mercenary_Gunner_Baseliner,10,-1
Tribal_Archer_XylGaunt3,6,Mercenary_Gunner_XylChyrrFixed,7,1
Tribal_Archer_Hussar,6,Mercenary_Slasher_Waster,4,1
Scavenger_Neanderthal,12,Tribal_Archer_Waster,18,1
Tribal_Archer_Impid,2,Scavenger_Genie,2,-1
Villager_Impid,2,Tribal_Penitent_XylTitan,2,-1
Mercenary_Slasher_XylTitan,2,Empire_Fighter_Cataphract_XylBossaps,1,1
Tribal_Archer_Yttakin,17,Empire_Fighter_Janissary_Genie,20,-1
Town_Guard_Starjack,2,Tribal_Berserker_Waster,2,-1
Grenadier_Destructive_Highmate,12,Empire_Fighter_Janissary_Baseliner,8,-1
Mercenary_Slasher_XylBossaps,5,Villager_XylNixie,10,1
Grenadier_Destructive_Starjack,9,Scavenger_Hussar,7,-1
Mercenary_Slasher_Hussar,1,Mercenary_Slasher_Yttakin,1,1
Mercenary_Sniper_XylChyrrFixed,5,Villager_Hussar,3,1
Empire_Fighter_Janissary_XylBossaps,10,Mercenary_Gunner_Pigskin,15,-1
Grenadier_Destructive_Pigskin,4,Tribal_Archer_Starjack,6,1
Grenadier_Destructive_Baseliner,9,Tribal_Penitent_XylChyrrFixed,15,-1
Mercenary_Sniper_Impid,15,Mercenary_Slasher_XylGaunt3,7,-1
Tribal_Berserker_Baseliner,13,Scavenger_XylSuccuboid,13,1
Town_Guard_Waster,11,Tribal_Penitent_XylChyrrFixed,15,-1
Tribal_Archer_Pigskin,6,Mercenary_Sniper_XylBossaps,5,-1
Villager_Highmate,4,Villager_Dirtmole,4,-1
Scavenger_Waster,6,Villager_Dirtmole,4,1
Tribal_Penitent_XylGaunt3,1,Mercenary_Slasher_Dirtmole,4,-1
Tribal_Penitent_XylGaunt3,2,Mercenary_Sniper_Starjack,2,1
Mercenary_Slasher_Hussar,14,Mercenary_Gunner_XylGaunt3,8,-1
Villager_XylWarcat,2,Empire_Fighter_Cataphract_XylBossaps,3,-1
Mercenary_Sniper_Impid,24,Tribal_Berserker_Dirtmole,15,1
Grenadier_Destructive_Yttakin,17,Empire_Fighter_Cataphract_Genie,19,-1
Mercenary_Slasher_Highmate,15,Empire_Fighter_Cataphract_XylNixie,6,1
Villager_XylTitan,4,Mercenary_Sniper_Pigskin,3,1
Empire_Fighter_Janissary_Genie,11,Scavenger_Starjack,11,1
Tribal_Archer_XylNixie,24,Mercenary_Sniper_XylChyrrFixed,15,1
Mercenary_Slasher_Neanderthal,12,Tribal_Berserker_XylTrog,12,-1
Town_Guard_XylGaunt3,13,Tribal_Berserker_Starjack,25,1
Scavenger_Neanderthal,8,Tribal_Berserker_Neanderthal,8,-1
Mercenary_Gunner_XylTitan,7,Empire_Fighter_Janissary_XylTitan,7,-1
Tribal_Penitent_Dirtmole,9,Tribal_Archer_Starjack,16,1
Scavenger_XylTitan,3,Mercenary_Gunner_XylNixie,4,-1
Tribal_Berserker_XylGaunt3,5,Empire_Fighter_Janissary_XylDvergr,9,1
Empire_Fighter_Cataphract_Baseliner,3,Mercenary_Sniper_XylBossaps,4,1
Tribal_Berserker_Genie,14,Tribal_Penitent_XylWarcat,4,-1
Empire_Fighter_Cataphract_XylTitan,7,Grenadier_Destructive_Dirtmole,13,1
Empire_Fighter_Cataphract_XylTrog,5,Empire_Fighter_Cataphract_Yttakin,3,-1
Empire_Fighter_Janissary_XylDvergr,13,Tribal_Archer_XylWarcat,17,1
Grenadier_Destructive_XylGaunt3,3,Mercenary_Sniper_XylGaunt3,2,1
Mercenary_Gunner_Neanderthal,3,Empire_Fighter_Cataphract_Impid,2,-1
Tribal_Berserker_Sanguophage,20,Empire_Fighter_Cataphract_Dirtmole,20,1
Empire_Fighter_Cataphract_XylDvergr,1,Town_Guard_Starjack,2,1
Empire_Fighter_Janissary_XylDvergr,8,Mercenary_Slasher_XylGaunt3,6,-1
Mercenary_Slasher_Hussar,5,Empire_Fighter_Janissary_XylSuccuboid,5,1
Town_Guard_Baseliner,8,Mercenary_Slasher_XylChyrrFixed,6,-1
Scavenger_XylBossaps,6,Villager_Pigskin,6,-1
Empire_Fighter_Cataphract_Starjack,14,Grenadier_Destructive_XylBossaps,16,1
Town_Guard_Baseliner,1,Empire_Fighter_Cataphract_Starjack,1,-1
Villager_Hussar,3,Grenadier_Destructive_XylTrog,3,-1
Grenadier_Destructive_Hussar,4,Mercenary_Slasher_Highmate,5,1
Mercenary_Gunner_XylWarcat,12,Empire_Fighter_Janissary_XylDvergr,10,1
Empire_Fighter_Janissary_XylNixie,1,Empire_Fighter_Janissary_XylWarcat,2,-1
Tribal_Penitent_Yttakin,10,Grenadier_Destructive_XylTrog,10,-1
Mercenary_Gunner_XylGaunt3,4,Mercenary_Gunner_Impid,4,1
Grenadier_Destructive_Dirtmole,6,Grenadier_Destructive_Hussar,5,-1
Empire_Fighter_Janissary_XylDvergr,14,Mercenary_Slasher_Neanderthal,14,-1
Town_Guard_Pigskin,10,Grenadier_Destructive_XylTrog,9,-1
Villager_Highmate,6,Grenadier_Destructive_XylNixie,6,1
Town_Guard_XylWarcat,2,Empire_Fighter_Janissary_XylChyrrFixed,1,-1
Scavenger_Impid,2,Tribal_Berserker_XylWarcat,2,-1
Mercenary_Gunner_XylBossaps,6,Grenadier_Destructive_XylWarcat,7,1
Scavenger_Dirtmole,2,Mercenary_Gunner_Yttakin,2,-1
Villager_XylNixie,18,Scavenger_XylGaunt3,7,-1
Tribal_Penitent_XylTitan,4,Scavenger_Baseliner,7,-1
Town_Guard_XylDvergr,6,Tribal_Berserker_XylNixie,5,1
Empire_Fighter_Cataphract_Hussar,2,Mercenary_Slasher_XylTitan,2,1
Empire_Fighter_Janissary_XylSuccuboid,1,Mercenary_Gunner_Starjack,2,-1
Town_Guard_Impid,18,Mercenary_Gunner_XylNixie,14,-1
Grenadier_Destructive_Baseliner,4,Mercenary_Slasher_XylBossaps,3,-1
Grenadier_Destructive_Neanderthal,16,Tribal_Archer_XylBossaps,17,1
Villager_Genie,11,Mercenary_Slasher_Baseliner,6,1
Tribal_Penitent_Dirtmole,17,Town_Guard_Hussar,17,-1
Tribal_Archer_XylTitan,15,Scavenger_XylBossaps,9,-1
Mercenary_Sniper_XylSuccuboid,24,Tribal_Berserker_Hussar,15,1
Grenadier_Destructive_Pigskin,11,Mercenary_Gunner_Hussar,9,-1
Mercenary_Gunner_XylSuccuboid,8,Mercenary_Gunner_Baseliner,7,1
Mercenary_Gunner_Waster,5,Mercenary_Gunner_XylGaunt3,3,-1
Tribal_Berserker_Sanguophage,3,Grenadier_Destructive_XylNixie,5,1
Empire_Fighter_Cataphract_XylChyrrFixed,9,Empire_Fighter_Janissary_XylChyrrFixed,15,-1
Tribal_Berserker_XylTitan,2,Tribal_Berserker_XylWarcat,2,-1
Town_Guard_XylGaunt3,2,Grenadier_Destructive_Waster,5,-1
Tribal_Berserker_Sanguophage,5,Mercenary_Slasher_XylWarcat,5,-1
Tribal_Archer_XylBossaps,1,Tribal_Archer_XylTrog,2,-1
Tribal_Berserker_XylWarcat,1,Mercenary_Gunner_Starjack,2,1
Mercenary_Slasher_XylChyrrFixed,2,Tribal_Archer_Sanguophage,2,-1
Mercenary_Slasher_XylGaunt3,7,Mercenary_Sniper_Sanguophage,14,1
Tribal_Archer_XylDvergr,16,Town_Guard_Pigskin,17,-1
Tribal_Berserker_XylWarcat,9,Tribal_Archer_XylChyrrFixed,20,-1
Tribal_Archer_XylChyrrFixed,7,Town_Guard_Starjack,4,1
Mercenary_Gunner_Neanderthal,4,Tribal_Berserker_XylDvergr,4,1
Empire_Fighter_Janissary_XylBossaps,8,Mercenary_Gunner_Dirtmole,9,1
Mercenary_Slasher_XylChyrrFixed,3,Empire_Fighter_Janissary_XylGaunt3,3,-1
Tribal_Archer_Pigskin,5,Empire_Fighter_Cataphract_Sanguophage,3,-1
Town_Guard_Sanguophage,3,Empire_Fighter_Cataphract_Dirtmole,2,1
Tribal_Berserker_XylSuccuboid,9,Empire_Fighter_Cataphract_Neanderthal,4,-1
Town_Guard_XylSuccuboid,2,Scavenger_XylBossaps,1,1
Mercenary_Slasher_XylWarcat,1,Tribal_Berserker_Dirtmole,1,1
Tribal_Penitent_XylTrog,4,Tribal_Archer_XylTitan,6,-1
Mercenary_Sniper_XylBossaps,10,Mercenary_Slasher_Hussar,9,-1
Town_Guard_XylGaunt3,1,Empire_Fighter_Cataphract_XylNixie,2,-1
Mercenary_Slasher_Impid,9,Mercenary_Sniper_XylTitan,6,1
Scavenger_Hussar,5,Grenadier_Destructive_Starjack,8,-1
Empire_Fighter_Janissary_Impid,7,Mercenary_Sniper_Starjack,13,-1
Town_Guard_XylTitan,8,Tribal_Archer_XylTitan,9,1
Tribal_Berserker_XylDvergr,1,Mercenary_Slasher_Dirtmole,1,1
Empire_Fighter_Janissary_Pigskin,12,Villager_XylTitan,12,1
Town_Guard_XylChyrrFixed,3,Tribal_Berserker_XylDvergr,2,1
Tribal_Archer_Waster,1,Mercenary_Sniper_Starjack,2,-1
Tribal_Penitent_Neanderthal,1,Mercenary_Sniper_Sanguophage,2,-1
Mercenary_Slasher_XylWarcat,1,Villager_Neanderthal,3,-1
Grenadier_Destructive_XylNixie,3,Tribal_Berserker_Waster,2,-1
Mercenary_Sniper_XylDvergr,2,Scavenger_Dirtmole,2,1
Tribal_Berserker_XylChyrrFixed,4,Mercenary_Sniper_XylBossaps,3,-1
Scavenger_Genie,8,Empire_Fighter_Janissary_Hussar,5,-1
Grenadier_Destructive_XylGaunt3,5,Tribal_Archer_XylSuccuboid,17,1
Tribal_Berserker_Genie,25,Tribal_Archer_Neanderthal,11,-1
Tribal_Archer_XylBossaps,18,Grenadier_Destructive_XylNixie,18,1
Empire_Fighter_Janissary_Neanderthal,16,Tribal_Penitent_XylWarcat,13,1
Mercenary_Gunner_Waster,8,Scavenger_Starjack,12,-1
Grenadier_Destructive_Waster,7,Town_Guard_XylBossaps,6,1
Mercenary_Sniper_Yttakin,6,Mercenary_Gunner_XylChyrrFixed,6,-1
Mercenary_Slasher_Pigskin,16,Tribal_Penitent_XylTitan,14,-1
Tribal_Berserker_Neanderthal,12,Empire_Fighter_Janissary_Hussar,12,-1
Tribal_Berserker_Waster,4,Empire_Fighter_Cataphract_Hussar,2,-1
Scavenger_Pigskin,5,Mercenary_Gunner_Baseliner,4,-1
Town_Guard_Impid,1,Tribal_Berserker_XylTitan,1,-1
Scavenger_XylWarcat,2,Town_Guard_Impid,3,-1
Empire_Fighter_Cataphract_Starjack,10,Empire_Fighter_Cataphract_Genie,11,1
Empire_Fighter_Cataphract_Genie,4,Tribal_Penitent_XylBossaps,4,1
Mercenary_Slasher_Genie,14,Town_Guard_Genie,12,1
Empire_Fighter_Janissary_Neanderthal,3,Grenadier_Destructive_Sanguophage,6,-1
Town_Guard_Hussar,2,Tribal_Penitent_Impid,3,1
Villager_XylNixie,7,Scavenger_Genie,6,1
Mercenary_Slasher_XylDvergr,12,Mercenary_Slasher_Impid,11,-1
Grenadier_Destructive_XylNixie,19,Mercenary_Sniper_Hussar,11,-1
Mercenary_Sniper_Sanguophage,16,Tribal_Penitent_Neanderthal,11,1
Mercenary_Gunner_XylTitan,11,Grenadier_Destructive_XylNixie,17,1
Mercenary_Sniper_XylSuccuboid,2,Empire_Fighter_Cataphract_XylSuccuboid,1,1
Tribal_Archer_XylGaunt3,2,Villager_Dirtmole,3,1
Town_Guard_Neanderthal,9,Mercenary_Sniper_Baseliner,14,-1
Empire_Fighter_Janissary_XylTitan,18,Town_Guard_Hussar,21,1
Empire_Fighter_Cataphract_Neanderthal,3,Mercenary_Gunner_XylDvergr,5,1
Scavenger_XylNixie,1,Tribal_Penitent_XylTrog,1,-1
Scavenger_XylTrog,11,Tribal_Archer_Sanguophage,13,1
Empire_Fighter_Janissary_Impid,3,Empire_Fighter_Cataphract_Pigskin,3,-1
Tribal_Berserker_Starjack,5,Empire_Fighter_Janissary_Yttakin,4,-1
Tribal_Archer_Waster,4,Empire_Fighter_Cataphract_XylGaunt3,1,-1
Mercenary_Sniper_Sanguophage,14,Empire_Fighter_Janissary_Yttakin,13,-1
Grenadier_Destructive_XylWarcat,20,Scavenger_XylBossaps,20,-1
Villager_XylGaunt3,3,Mercenary_Gunner_XylTrog,4,1
Grenadier_Destructive_Impid,3,Grenadier_Destructive_XylChyrrFixed,3,-1
Scavenger_XylBossaps,13,Mercenary_Sniper_XylBossaps,15,-1
Tribal_Berserker_XylGaunt3,2,Town_Guard_Highmate,7,1
Mercenary_Sniper_Baseliner,7,Tribal_Penitent_Starjack,10,1
Mercenary_Sniper_XylChyrrFixed,1,Villager_Waster,1,-1
Tribal_Penitent_XylTrog,10,Villager_XylNixie,19,-1
Mercenary_Sniper_XylTrog,1,Mercenary_Slasher_XylChyrrFixed,1,1
Town_Guard_XylGaunt3,5,Town_Guard_XylSuccuboid,6,1
Tribal_Berserker_XylNixie,6,Mercenary_Slasher_XylChyrrFixed,5,-1
Tribal_Archer_XylGaunt3,4,Empire_Fighter_Janissary_Impid,6,1
Empire_Fighter_Janissary_Sanguophage,2,Mercenary_Sniper_XylChyrrFixed,4,1
Empire_Fighter_Janissary_Hussar,1,Empire_Fighter_Cataphract_XylGaunt3,1,-1
Mercenary_Sniper_XylTitan,7,Mercenary_Sniper_XylTrog,6,1
Tribal_Penitent_XylBossaps,2,Empire_Fighter_Janissary_XylGaunt3,1,-1
Tribal_Archer_Pigskin,15,Mercenary_Sniper_XylWarcat,8,-1
Empire_Fighter_Cataphract_XylWarcat,5,Tribal_Penitent_XylDvergr,6,1
Empire_Fighter_Janissary_Genie,2,Tribal_Berserker_XylDvergr,1,1
Grenadier_Destructive_XylGaunt3,5,Mercenary_Gunner_XylDvergr,8,1
Empire_Fighter_Cataphract_Sanguophage,2,Empire_Fighter_Janissary_XylBossaps,2,1
Scavenger_XylNixie,4,Town_Guard_Pigskin,4,-1
Empire_Fighter_Cataphract_Impid,1,Grenadier_Destructive_Starjack,4,-1
Empire_Fighter_Janissary_Baseliner,3,Tribal_Penitent_XylWarcat,3,-1
Town_Guard_XylChyrrFixed,13,Empire_Fighter_Cataphract_XylChyrrFixed,7,-1
Scavenger_Impid,5,Scavenger_XylWarcat,4,-1
Tribal_Archer_XylTitan,11,Mercenary_Slasher_Neanderthal,8,-1
Grenadier_Destructive_Pigskin,3,Grenadier_Destructive_XylTitan,3,-1
Tribal_Penitent_Hussar,20,Tribal_Berserker_Hussar,19,-1
Tribal_Archer_Baseliner,7,Tribal_Penitent_Pigskin,4,-1
Villager_Yttakin,1,Grenadier_Destructive_Baseliner,2,1
Empire_Fighter_Cataphract_Genie,6,Mercenary_Slasher_Waster,7,-1
Villager_XylBossaps,2,Mercenary_Slasher_XylGaunt3,1,-1
Tribal_Archer_Impid,7,Grenadier_Destructive_Genie,7,1
Empire_Fighter_Janissary_Baseliner,11,Villager_XylGaunt3,8,-1
Scavenger_XylTrog,6,Tribal_Penitent_Pigskin,8,-1
Tribal_Penitent_Highmate,3,Villager_XylTitan,2,-1
Grenadier_Destructive_Highmate,2,Tribal_Penitent_Starjack,2,1
Tribal_Archer_Pigskin,10,Scavenger_Sanguophage,8,-1
Tribal_Berserker_Sanguophage,2,Empire_Fighter_Cataphract_XylTitan,1,1
Tribal_Penitent_XylGaunt3,4,Grenadier_Destructive_Impid,7,1
Empire_Fighter_Cataphract_Neanderthal,2,Mercenary_Gunner_XylTitan,1,1
Empire_Fighter_Cataphract_XylGaunt3,9,Town_Guard_XylNixie,19,1
Grenadier_Destructive_XylNixie,18,Empire_Fighter_Janissary_Starjack,13,-1
Tribal_Penitent_Baseliner,4,Mercenary_Sniper_XylGaunt3,2,-1
Mercenary_Sniper_XylGaunt3,7,Town_Guard_Sanguophage,10,1
Town_Guard_XylWarcat,6,Empire_Fighter_Janissary_Sanguophage,5,-1
Mercenary_Gunner_Baseliner,2,Tribal_Berserker_Genie,3,1
Villager_Sanguophage,1,Empire_Fighter_Janissary_XylGaunt3,1,-1
Grenadier_Destructive_Genie,3,Mercenary_Sniper_XylBossaps,3,-1
Mercenary_Sniper_XylWarcat,1,Town_Guard_XylTitan,2,-1
Villager_XylChyrrFixed,2,Empire_Fighter_Janissary_Starjack,1,-1
Empire_Fighter_Cataphract_XylNixie,1,Mercenary_Slasher_XylChyrrFixed,2,-1
Tribal_Penitent_XylSuccuboid,2,Mercenary_Gunner_XylTrog,1,1
Empire_Fighter_Janissary_Dirtmole,4,Mercenary_Sniper_XylGaunt3,3,-1
Town_Guard_Pigskin,7,Tribal_Archer_XylSuccuboid,12,1
Empire_Fighter_Janissary_Waster,1,Tribal_Archer_XylNixie,3,-1
Tribal_Penitent_XylWarcat,7,Villager_XylBossaps,9,-1
Tribal_Penitent_Dirtmole,6,Empire_Fighter_Janissary_XylGaunt3,5,-1
Tribal_Berserker_XylBossaps,14,Tribal_Archer_XylNixie,23,1
Town_Guard_Highmate,5,Tribal_Berserker_XylTrog,2,-1
Empire_Fighter_Janissary_Waster,4,Tribal_Penitent_Neanderthal,2,1
Scavenger_Hussar,9,Mercenary_Slasher_XylBossaps,6,1
Tribal_Penitent_Highmate,8,Grenadier_Destructive_XylWarcat,4,-1
Grenadier_Destructive_XylSuccuboid,1,Scavenger_Dirtmole,1,1
Mercenary_Gunner_XylNixie,2,Empire_Fighter_Janissary_XylSuccuboid,2,1
Villager_XylDvergr,3,Empire_Fighter_Cataphract_XylNixie,2,-1
Mercenary_Gunner_Pigskin,2,Mercenary_Sniper_XylBossaps,1,1
Town_Guard_XylGaunt3,11,Mercenary_Gunner_XylChyrrFixed,10,1
Grenadier_Destructive_Dirtmole,6,Tribal_Archer_XylSuccuboid,11,-1
Mercenary_Sniper_XylGaunt3,10,Empire_Fighter_Janissary_XylGaunt3,9,-1
Villager_XylDvergr,15,Tribal_Archer_Impid,10,1
Town_Guard_Neanderthal,13,Mercenary_Slasher_XylTrog,11,-1
Empire_Fighter_Cataphract_Waster,4,Tribal_Berserker_XylGaunt3,2,-1
Grenadier_Destructive_Sanguophage,5,Mercenary_Gunner_XylGaunt3,3,-1
Mercenary_Gunner_XylTrog,18,Mercenary_Gunner_XylBossaps,15,1
Mercenary_Slasher_Genie,2,Tribal_Penitent_Impid,2,-1
Town_Guard_Genie,18,Mercenary_Gunner_XylWarcat,11,-1
Grenadier_Destructive_XylGaunt3,2,Tribal_Berserker_XylTrog,2,1
Empire_Fighter_Cataphract_Pigskin,2,Grenadier_Destructive_XylGaunt3,1,1
Empire_Fighter_Janissary_Waster,2,Scavenger_Genie,4,-1
Town_Guard_Starjack,2,Empire_Fighter_Cataphract_Waster,2,-1
Tribal_Penitent_Starjack,6,Tribal_Archer_XylGaunt3,2,-1
Scavenger_XylSuccuboid,2,Mercenary_Sniper_Dirtmole,1,1
Empire_Fighter_Janissary_Yttakin,13,Empire_Fighter_Cataphract_XylWarcat,10,-1
Mercenary_Gunner_XylBossaps,4,Tribal_Archer_XylWarcat,7,1
Empire_Fighter_Janissary_XylWarcat,10,Town_Guard_XylGaunt3,11,-1
Mercenary_Slasher_Pigskin,13,Tribal_Berserker_Dirtmole,11,1
Tribal_Penitent_Hussar,10,Tribal_Archer_Yttakin,14,1
Villager_Neanderthal,3,Empire_Fighter_Janissary_XylBossaps,1,1
Empire_Fighter_Cataphract_XylGaunt3,2,Grenadier_Destructive_Starjack,7,1
Town_Guard_XylDvergr,3,Villager_Waster,1,1
Empire_Fighter_Cataphract_Pigskin,7,Tribal_Archer_XylChyrrFixed,12,1
Tribal_Penitent_Highmate,3,Empire_Fighter_Cataphract_XylBossaps,2,-1
Mercenary_Sniper_XylGaunt3,12,Tribal_Archer_XylBossaps,21,1
Empire_Fighter_Janissary_XylSuccuboid,2,Tribal_Berserker_XylWarcat,1,-1
Mercenary_Slasher_Neanderthal,9,Mercenary_Sniper_XylNixie,15,1
Tribal_Penitent_XylTrog,3,Grenadier_Destructive_Pigskin,4,-1
Mercenary_Slasher_Hussar,2,Town_Guard_Sanguophage,3,1
